State,ClimDiv State Id,County Name,FIPS County
Alabama,1,Autauga,1
Alabama,1,Baldwin,3
Alabama,1,Barbour,5
Alabama,1,Bibb,7
Alabama,1,Blount,9
Alabama,1,Bullock,11
Alabama,1,Butler,13
Alabama,1,Calhoun,15
Alabama,1,Chambers,17
Alabama,1,Cherokee,19
Alabama,1,Chilton,21
Alabama,1,Choctaw,23
Alabama,1,Clarke,25
Alabama,1,Clay,27
Alabama,1,Cleburne,29
Alabama,1,Coffee,31
Alabama,1,Colbert,33
Alabama,1,Conecuh,35
Alabama,1,Coosa,37
Alabama,1,Covington,39
Alabama,1,Crenshaw,41
Alabama,1,Cullman,43
Alabama,1,Dale,45
Alabama,1,Dallas,47
Alabama,1,De Kalb,49
Alabama,1,Elmore,51
Alabama,1,Escambia,53
Alabama,1,Etowah,55
Alabama,1,Fayette,57
Alabama,1,Franklin,59
Alabama,1,Geneva,61
Alabama,1,Greene,63
Alabama,1,Hale,65
Alabama,1,Henry,67
Alabama,1,Houston,69
Alabama,1,Jackson,71
Alabama,1,Jefferson,73
Alabama,1,Lamar,75
Alabama,1,Lauderdale,77
Alabama,1,Lawrence,79
Alabama,1,Lee,81
Alabama,1,Limestone,83
Alabama,1,Lowndes,85
Alabama,1,Macon,87
Alabama,1,Madison,89
Alabama,1,Marengo,91
Alabama,1,Marion,93
Alabama,1,Marshall,95
Alabama,1,Mobile,97
Alabama,1,Monroe,99
Alabama,1,Montgomery,101
Alabama,1,Morgan,103
Alabama,1,Perry,105
Alabama,1,Pickens,107
Alabama,1,Pike,109
Alabama,1,Randolph,111
Alabama,1,Russell,113
Alabama,1,St Clair,115
Alabama,1,Shelby,117
Alabama,1,Sumter,119
Alabama,1,Talladega,121
Alabama,1,Tallapoosa,123
Alabama,1,Tuscaloosa,125
Alabama,1,Walker,127
Alabama,1,Washington,129
Alabama,1,Wilcox,131
Alabama,1,Winston,133
Alaska,50,Aleutians East,13
Alaska,50,Aleutians West,16
Alaska,50,Anchorage,20
Alaska,50,Bethel,50
Alaska,50,Bristol Bay,60
Alaska,50,Denali,68
Alaska,50,Dillingham,70
Alaska,50,Fairbanks North Star,90
Alaska,50,Haines,100
Alaska,50,Juneau,110
Alaska,50,Kenai Peninsula,122
Alaska,50,Ketchikan Gateway,130
Alaska,50,Kodiak Island,150
Alaska,50,Lake and Peninsula,164
Alaska,50,Matanuska Susitna,170
Alaska,50,Nome,180
Alaska,50,North Slope,185
Alaska,50,Northwest Arctic,188
Alaska,50,Prince Wales Ketchikan,201
Alaska,50,Sitka,220
Alaska,50,Skagway Hoonah Angoon,232
Alaska,50,Southeast Fairbanks,240
Alaska,50,Valdez Cordova,261
Alaska,50,Wade Hampton,270
Alaska,50,Wrangell Petersburg,280
Alaska,50,Yakutat,282
Alaska,50,Yukon Koyukuk,290
Arizona,2,Apache,1
Arizona,2,Cochise,3
Arizona,2,Coconino,5
Arizona,2,Gila,7
Arizona,2,Graham,9
Arizona,2,Greenlee,11
Arizona,2,La Paz,12
Arizona,2,Maricopa,13
Arizona,2,Mohave,15
Arizona,2,Navajo,17
Arizona,2,Pima,19
Arizona,2,Pinal,21
Arizona,2,Santa Cruz,23
Arizona,2,Yavapai,25
Arizona,2,Yuma,27
Arkansas,3,Arkansas,1
Arkansas,3,Ashley,3
Arkansas,3,Baxter,5
Arkansas,3,Benton,7
Arkansas,3,Boone,9
Arkansas,3,Bradley,11
Arkansas,3,Calhoun,13
Arkansas,3,Carroll,15
Arkansas,3,Chicot,17
Arkansas,3,Clark,19
Arkansas,3,Clay,21
Arkansas,3,Cleburne,23
Arkansas,3,Cleveland,25
Arkansas,3,Columbia,27
Arkansas,3,Conway,29
Arkansas,3,Craighead,31
Arkansas,3,Crawford,33
Arkansas,3,Crittenden,35
Arkansas,3,Cross,37
Arkansas,3,Dallas,39
Arkansas,3,Desha,41
Arkansas,3,Drew,43
Arkansas,3,Faulkner,45
Arkansas,3,Franklin,47
Arkansas,3,Fulton,49
Arkansas,3,Garland,51
Arkansas,3,Grant,53
Arkansas,3,Greene,55
Arkansas,3,Hempstead,57
Arkansas,3,Hot Spring,59
Arkansas,3,Howard,61
Arkansas,3,Independence,63
Arkansas,3,Izard,65
Arkansas,3,Jackson,67
Arkansas,3,Jefferson,69
Arkansas,3,Johnson,71
Arkansas,3,Lafayette,73
Arkansas,3,Lawrence,75
Arkansas,3,Lee,77
Arkansas,3,Lincoln,79
Arkansas,3,Little River,81
Arkansas,3,Logan,83
Arkansas,3,Lonoke,85
Arkansas,3,Madison,87
Arkansas,3,Marion,89
Arkansas,3,Miller,91
Arkansas,3,Mississippi,93
Arkansas,3,Monroe,95
Arkansas,3,Nevada,99
Arkansas,3,Newton,101
Arkansas,3,Ouachita,103
Arkansas,3,Perry,105
Arkansas,3,Phillips,107
Arkansas,3,Pike,109
Arkansas,3,Poinsett,111
Arkansas,3,Polk,113
Arkansas,3,Pope,115
Arkansas,3,Prairie,117
Arkansas,3,Pulaski,119
Arkansas,3,Randolph,121
Arkansas,3,St Francis,123
Arkansas,3,Saline,125
Arkansas,3,Scott,127
Arkansas,3,Searcy,129
Arkansas,3,Sebastian,131
Arkansas,3,Sevier,133
Arkansas,3,Sharp,135
Arkansas,3,Stone,137
Arkansas,3,Union,139
Arkansas,3,Van Buren,141
Arkansas,3,Washington,143
Arkansas,3,White,145
Arkansas,3,Woodruff,147
Arkansas,3,Yell,149
California,4,Alameda,1
California,4,Alpine,3
California,4,Amador,5
California,4,Butte,7
California,4,Calaveras,9
California,4,Colusa,11
California,4,Contra Costa,13
California,4,Del Norte,15
California,4,El Dorado,17
California,4,Fresno,19
California,4,Glenn,21
California,4,Humboldt,23
California,4,Imperial,25
California,4,Inyo,27
California,4,Kern,29
California,4,Kings,31
California,4,Lake,33
California,4,Lassen,35
California,4,Los Angeles,37
California,4,Madera,39
California,4,Marin,41
California,4,Mariposa,43
California,4,Mendocino,45
California,4,Merced,47
California,4,Modoc,49
California,4,Mono,51
California,4,Monterey,53
California,4,Napa,55
California,4,Nevada,57
California,4,Orange,59
California,4,Placer,61
California,4,Plumas,63
California,4,Riverside,65
California,4,Sacramento,67
California,4,San Benito,69
California,4,San Bernardino,71
California,4,San Diego,73
California,4,San Francisco,75
California,4,San Joaquin,77
California,4,San Luis Obispo,79
California,4,San Mateo,81
California,4,Santa Barbara,83
California,4,Santa Clara,85
California,4,Santa Cruz,87
California,4,Shasta,89
California,4,Sierra,91
California,4,Siskiyou,93
California,4,Solano,95
California,4,Sonoma,97
California,4,Stanislaus,99
California,4,Sutter,101
California,4,Tehama,103
California,4,Trinity,105
California,4,Tulare,107
California,4,Tuolumne,109
California,4,Ventura,111
California,4,Yolo,113
California,4,Yuba,115
Colorado,5,Adams,1
Colorado,5,Alamosa,3
Colorado,5,Arapahoe,5
Colorado,5,Archuleta,7
Colorado,5,Baca,9
Colorado,5,Bent,11
Colorado,5,Boulder,13
Colorado,5,Broomfield,14
Colorado,5,Chaffee,15
Colorado,5,Cheyenne,17
Colorado,5,Clear Creek,19
Colorado,5,Conejos,21
Colorado,5,Costilla,23
Colorado,5,Crowley,25
Colorado,5,Custer,27
Colorado,5,Delta,29
Colorado,5,Denver,31
Colorado,5,Dolores,33
Colorado,5,Douglas,35
Colorado,5,Eagle,37
Colorado,5,Elbert,39
Colorado,5,El Paso,41
Colorado,5,Fremont,43
Colorado,5,Garfield,45
Colorado,5,Gilpin,47
Colorado,5,Grand,49
Colorado,5,Gunnison,51
Colorado,5,Hinsdale,53
Colorado,5,Huerfano,55
Colorado,5,Jackson,57
Colorado,5,Jefferson,59
Colorado,5,Kiowa,61
Colorado,5,Kit Carson,63
Colorado,5,Lake,65
Colorado,5,La Plata,67
Colorado,5,Larimer,69
Colorado,5,Las Animas,71
Colorado,5,Lincoln,73
Colorado,5,Logan,75
Colorado,5,Mesa,77
Colorado,5,Mineral,79
Colorado,5,Moffat,81
Colorado,5,Montezuma,83
Colorado,5,Montrose,85
Colorado,5,Morgan,87
Colorado,5,Otero,89
Colorado,5,Ouray,91
Colorado,5,Park,93
Colorado,5,Phillips,95
Colorado,5,Pitkin,97
Colorado,5,Prowers,99
Colorado,5,Pueblo,101
Colorado,5,Rio Blanco,103
Colorado,5,Rio Grande,105
Colorado,5,Routt,107
Colorado,5,Saguache,109
Colorado,5,San Juan,111
Colorado,5,San Miguel,113
Colorado,5,Sedgwick,115
Colorado,5,Summit,117
Colorado,5,Teller,119
Colorado,5,Washington,121
Colorado,5,Weld,123
Colorado,5,Yuma,125
Connecticut,6,Fairfield,1
Connecticut,6,Hartford,3
Connecticut,6,Litchfield,5
Connecticut,6,Middlesex,7
Connecticut,6,New Haven,9
Connecticut,6,New London,11
Connecticut,6,Tolland,13
Connecticut,6,Windham,15
Delaware,7,Kent,1
Delaware,7,New Castle,3
Delaware,7,Sussex,5
Florida,8,Alachua,1
Florida,8,Baker,3
Florida,8,Bay,5
Florida,8,Bradford,7
Florida,8,Brevard,9
Florida,8,Broward,11
Florida,8,Calhoun,13
Florida,8,Charlotte,15
Florida,8,Citrus,17
Florida,8,Clay,19
Florida,8,Collier,21
Florida,8,Columbia,23
Florida,8,De Soto,27
Florida,8,Dixie,29
Florida,8,Duval,31
Florida,8,Escambia,33
Florida,8,Flagler,35
Florida,8,Franklin,37
Florida,8,Gadsden,39
Florida,8,Gilchrist,41
Florida,8,Glades,43
Florida,8,Gulf,45
Florida,8,Hamilton,47
Florida,8,Hardee,49
Florida,8,Hendry,51
Florida,8,Hernando,53
Florida,8,Highlands,55
Florida,8,Hillsborough,57
Florida,8,Holmes,59
Florida,8,Indian River,61
Florida,8,Jackson,63
Florida,8,Jefferson,65
Florida,8,Lafayette,67
Florida,8,Lake,69
Florida,8,Lee,71
Florida,8,Leon,73
Florida,8,Levy,75
Florida,8,Liberty,77
Florida,8,Madison,79
Florida,8,Manatee,81
Florida,8,Marion,83
Florida,8,Martin,85
Florida,8,Miami-Dade,86
Florida,8,Monroe,87
Florida,8,Nassau,89
Florida,8,Okaloosa,91
Florida,8,Okeechobee,93
Florida,8,Orange,95
Florida,8,Osceola,97
Florida,8,Palm Beach,99
Florida,8,Pasco,101
Florida,8,Pinellas,103
Florida,8,Polk,105
Florida,8,Putnam,107
Florida,8,St Johns,109
Florida,8,St Lucie,111
Florida,8,Santa Rosa,113
Florida,8,Sarasota,115
Florida,8,Seminole,117
Florida,8,Sumter,119
Florida,8,Suwannee,121
Florida,8,Taylor,123
Florida,8,Union,125
Florida,8,Volusia,127
Florida,8,Wakulla,129
Florida,8,Walton,131
Florida,8,Washington,133
Georgia,9,Appling,1
Georgia,9,Atkinson,3
Georgia,9,Bacon,5
Georgia,9,Baker,7
Georgia,9,Baldwin,9
Georgia,9,Banks,11
Georgia,9,Barrow,13
Georgia,9,Bartow,15
Georgia,9,Ben Hill,17
Georgia,9,Berrien,19
Georgia,9,Bibb,21
Georgia,9,Bleckley,23
Georgia,9,Brantley,25
Georgia,9,Brooks,27
Georgia,9,Bryan,29
Georgia,9,Bulloch,31
Georgia,9,Burke,33
Georgia,9,Butts,35
Georgia,9,Calhoun,37
Georgia,9,Camden,39
Georgia,9,Candler,43
Georgia,9,Carroll,45
Georgia,9,Catoosa,47
Georgia,9,Charlton,49
Georgia,9,Chatham,51
Georgia,9,Chattahoochee,53
Georgia,9,Chattooga,55
Georgia,9,Cherokee,57
Georgia,9,Clarke,59
Georgia,9,Clay,61
Georgia,9,Clayton,63
Georgia,9,Clinch,65
Georgia,9,Cobb,67
Georgia,9,Coffee,69
Georgia,9,Colquitt,71
Georgia,9,Columbia,73
Georgia,9,Cook,75
Georgia,9,Coweta,77
Georgia,9,Crawford,79
Georgia,9,Crisp,81
Georgia,9,Dade,83
Georgia,9,Dawson,85
Georgia,9,Decatur,87
Georgia,9,De Kalb,89
Georgia,9,Dodge,91
Georgia,9,Dooly,93
Georgia,9,Dougherty,95
Georgia,9,Douglas,97
Georgia,9,Early,99
Georgia,9,Echols,101
Georgia,9,Effingham,103
Georgia,9,Elbert,105
Georgia,9,Emanuel,107
Georgia,9,Evans,109
Georgia,9,Fannin,111
Georgia,9,Fayette,113
Georgia,9,Floyd,115
Georgia,9,Forsyth,117
Georgia,9,Franklin,119
Georgia,9,Fulton,121
Georgia,9,Gilmer,123
Georgia,9,Glascock,125
Georgia,9,Glynn,127
Georgia,9,Gordon,129
Georgia,9,Grady,131
Georgia,9,Greene,133
Georgia,9,Gwinnett,135
Georgia,9,Habersham,137
Georgia,9,Hall,139
Georgia,9,Hancock,141
Georgia,9,Haralson,143
Georgia,9,Harris,145
Georgia,9,Hart,147
Georgia,9,Heard,149
Georgia,9,Henry,151
Georgia,9,Houston,153
Georgia,9,Irwin,155
Georgia,9,Jackson,157
Georgia,9,Jasper,159
Georgia,9,Jeff Davis,161
Georgia,9,Jefferson,163
Georgia,9,Jenkins,165
Georgia,9,Johnson,167
Georgia,9,Jones,169
Georgia,9,Lamar,171
Georgia,9,Lanier,173
Georgia,9,Laurens,175
Georgia,9,Lee,177
Georgia,9,Liberty,179
Georgia,9,Lincoln,181
Georgia,9,Long,183
Georgia,9,Lowndes,185
Georgia,9,Lumpkin,187
Georgia,9,McDuffie,189
Georgia,9,McIntosh,191
Georgia,9,Macon,193
Georgia,9,Madison,195
Georgia,9,Marion,197
Georgia,9,Meriwether,199
Georgia,9,Miller,201
Georgia,9,Mitchell,205
Georgia,9,Monroe,207
Georgia,9,Montgomery,209
Georgia,9,Morgan,211
Georgia,9,Murray,213
Georgia,9,Muscogee,215
Georgia,9,Newton,217
Georgia,9,Oconee,219
Georgia,9,Oglethorpe,221
Georgia,9,Paulding,223
Georgia,9,Peach,225
Georgia,9,Pickens,227
Georgia,9,Pierce,229
Georgia,9,Pike,231
Georgia,9,Polk,233
Georgia,9,Pulaski,235
Georgia,9,Putnam,237
Georgia,9,Quitman,239
Georgia,9,Rabun,241
Georgia,9,Randolph,243
Georgia,9,Richmond,245
Georgia,9,Rockdale,247
Georgia,9,Schley,249
Georgia,9,Screven,251
Georgia,9,Seminole,253
Georgia,9,Spalding,255
Georgia,9,Stephens,257
Georgia,9,Stewart,259
Georgia,9,Sumter,261
Georgia,9,Talbot,263
Georgia,9,Taliaferro,265
Georgia,9,Tattnall,267
Georgia,9,Taylor,269
Georgia,9,Telfair,271
Georgia,9,Terrell,273
Georgia,9,Thomas,275
Georgia,9,Tift,277
Georgia,9,Toombs,279
Georgia,9,Towns,281
Georgia,9,Treutlen,283
Georgia,9,Troup,285
Georgia,9,Turner,287
Georgia,9,Twiggs,289
Georgia,9,Union,291
Georgia,9,Upson,293
Georgia,9,Walker,295
Georgia,9,Walton,297
Georgia,9,Ware,299
Georgia,9,Warren,301
Georgia,9,Washington,303
Georgia,9,Wayne,305
Georgia,9,Webster,307
Georgia,9,Wheeler,309
Georgia,9,White,311
Georgia,9,Whitfield,313
Georgia,9,Wilcox,315
Georgia,9,Wilkes,317
Georgia,9,Wilkinson,319
Georgia,9,Worth,321
Idaho,10,Ada,1
Idaho,10,Adams,3
Idaho,10,Bannock,5
Idaho,10,Bear Lake,7
Idaho,10,Benewah,9
Idaho,10,Bingham,11
Idaho,10,Blaine,13
Idaho,10,Boise,15
Idaho,10,Bonner,17
Idaho,10,Bonneville,19
Idaho,10,Boundary,21
Idaho,10,Butte,23
Idaho,10,Camas,25
Idaho,10,Canyon,27
Idaho,10,Caribou,29
Idaho,10,Cassia,31
Idaho,10,Clark,33
Idaho,10,Clearwater,35
Idaho,10,Custer,37
Idaho,10,Elmore,39
Idaho,10,Franklin,41
Idaho,10,Fremont,43
Idaho,10,Gem,45
Idaho,10,Gooding,47
Idaho,10,Idaho,49
Idaho,10,Jefferson,51
Idaho,10,Jerome,53
Idaho,10,Kootenai,55
Idaho,10,Latah,57
Idaho,10,Lemhi,59
Idaho,10,Lewis,61
Idaho,10,Lincoln,63
Idaho,10,Madison,65
Idaho,10,Minidoka,67
Idaho,10,Nez Perce,69
Idaho,10,Oneida,71
Idaho,10,Owyhee,73
Idaho,10,Payette,75
Idaho,10,Power,77
Idaho,10,Shoshone,79
Idaho,10,Teton,81
Idaho,10,Twin Falls,83
Idaho,10,Valley,85
Idaho,10,Washington,87
Illinois,11,Adams,1
Illinois,11,Alexander,3
Illinois,11,Bond,5
Illinois,11,Boone,7
Illinois,11,Brown,9
Illinois,11,Bureau,11
Illinois,11,Calhoun,13
Illinois,11,Carroll,15
Illinois,11,Cass,17
Illinois,11,Champaign,19
Illinois,11,Christian,21
Illinois,11,Clark,23
Illinois,11,Clay,25
Illinois,11,Clinton,27
Illinois,11,Coles,29
Illinois,11,Cook,31
Illinois,11,Crawford,33
Illinois,11,Cumberland,35
Illinois,11,De Kalb,37
Illinois,11,Dewitt,39
Illinois,11,Douglas,41
Illinois,11,Du Page,43
Illinois,11,Edgar,45
Illinois,11,Edwards,47
Illinois,11,Effingham,49
Illinois,11,Fayette,51
Illinois,11,Ford,53
Illinois,11,Franklin,55
Illinois,11,Fulton,57
Illinois,11,Gallatin,59
Illinois,11,Greene,61
Illinois,11,Grundy,63
Illinois,11,Hamilton,65
Illinois,11,Hancock,67
Illinois,11,Hardin,69
Illinois,11,Henderson,71
Illinois,11,Henry,73
Illinois,11,Iroquois,75
Illinois,11,Jackson,77
Illinois,11,Jasper,79
Illinois,11,Jefferson,81
Illinois,11,Jersey,83
Illinois,11,Jo Daviess,85
Illinois,11,Johnson,87
Illinois,11,Kane,89
Illinois,11,Kankakee,91
Illinois,11,Kendall,93
Illinois,11,Knox,95
Illinois,11,Lake,97
Illinois,11,La Salle,99
Illinois,11,Lawrence,101
Illinois,11,Lee,103
Illinois,11,Livingston,105
Illinois,11,Logan,107
Illinois,11,McDonough,109
Illinois,11,McHenry,111
Illinois,11,Mclean,113
Illinois,11,Macon,115
Illinois,11,Macoupin,117
Illinois,11,Madison,119
Illinois,11,Marion,121
Illinois,11,Marshall,123
Illinois,11,Mason,125
Illinois,11,Massac,127
Illinois,11,Menard,129
Illinois,11,Mercer,131
Illinois,11,Monroe,133
Illinois,11,Montgomery,135
Illinois,11,Morgan,137
Illinois,11,Moultrie,139
Illinois,11,Ogle,141
Illinois,11,Peoria,143
Illinois,11,Perry,145
Illinois,11,Piatt,147
Illinois,11,Pike,149
Illinois,11,Pope,151
Illinois,11,Pulaski,153
Illinois,11,Putnam,155
Illinois,11,Randolph,157
Illinois,11,Richland,159
Illinois,11,Rock Island,161
Illinois,11,St Clair,163
Illinois,11,Saline,165
Illinois,11,Sangamon,167
Illinois,11,Schuyler,169
Illinois,11,Scott,171
Illinois,11,Shelby,173
Illinois,11,Stark,175
Illinois,11,Stephenson,177
Illinois,11,Tazewell,179
Illinois,11,Union,181
Illinois,11,Vermilion,183
Illinois,11,Wabash,185
Illinois,11,Warren,187
Illinois,11,Washington,189
Illinois,11,Wayne,191
Illinois,11,White,193
Illinois,11,Whiteside,195
Illinois,11,Will,197
Illinois,11,Williamson,199
Illinois,11,Winnebago,201
Illinois,11,Woodford,203
Indiana,12,Adams,1
Indiana,12,Allen,3
Indiana,12,Bartholomew,5
Indiana,12,Benton,7
Indiana,12,Blackford,9
Indiana,12,Boone,11
Indiana,12,Brown,13
Indiana,12,Carroll,15
Indiana,12,Cass,17
Indiana,12,Clark,19
Indiana,12,Clay,21
Indiana,12,Clinton,23
Indiana,12,Crawford,25
Indiana,12,Daviess,27
Indiana,12,Dearborn,29
Indiana,12,Decatur,31
Indiana,12,De Kalb,33
Indiana,12,Delaware,35
Indiana,12,Dubois,37
Indiana,12,Elkhart,39
Indiana,12,Fayette,41
Indiana,12,Floyd,43
Indiana,12,Fountain,45
Indiana,12,Franklin,47
Indiana,12,Fulton,49
Indiana,12,Gibson,51
Indiana,12,Grant,53
Indiana,12,Greene,55
Indiana,12,Hamilton,57
Indiana,12,Hancock,59
Indiana,12,Harrison,61
Indiana,12,Hendricks,63
Indiana,12,Henry,65
Indiana,12,Howard,67
Indiana,12,Huntington,69
Indiana,12,Jackson,71
Indiana,12,Jasper,73
Indiana,12,Jay,75
Indiana,12,Jefferson,77
Indiana,12,Jennings,79
Indiana,12,Johnson,81
Indiana,12,Knox,83
Indiana,12,Kosciusko,85
Indiana,12,Lagrange,87
Indiana,12,Lake,89
Indiana,12,La Porte,91
Indiana,12,Lawrence,93
Indiana,12,Madison,95
Indiana,12,Marion,97
Indiana,12,Marshall,99
Indiana,12,Martin,101
Indiana,12,Miami,103
Indiana,12,Monroe,105
Indiana,12,Montgomery,107
Indiana,12,Morgan,109
Indiana,12,Newton,111
Indiana,12,Noble,113
Indiana,12,Ohio,115
Indiana,12,Orange,117
Indiana,12,Owen,119
Indiana,12,Parke,121
Indiana,12,Perry,123
Indiana,12,Pike,125
Indiana,12,Porter,127
Indiana,12,Posey,129
Indiana,12,Pulaski,131
Indiana,12,Putnam,133
Indiana,12,Randolph,135
Indiana,12,Ripley,137
Indiana,12,Rush,139
Indiana,12,St Joseph,141
Indiana,12,Scott,143
Indiana,12,Shelby,145
Indiana,12,Spencer,147
Indiana,12,Starke,149
Indiana,12,Steuben,151
Indiana,12,Sullivan,153
Indiana,12,Switzerland,155
Indiana,12,Tippecanoe,157
Indiana,12,Tipton,159
Indiana,12,Union,161
Indiana,12,Vanderburgh,163
Indiana,12,Vermillion,165
Indiana,12,Vigo,167
Indiana,12,Wabash,169
Indiana,12,Warren,171
Indiana,12,Warrick,173
Indiana,12,Washington,175
Indiana,12,Wayne,177
Indiana,12,Wells,179
Indiana,12,White,181
Indiana,12,Whitley,183
Iowa,13,Adair,1
Iowa,13,Adams,3
Iowa,13,Allamakee,5
Iowa,13,Appanoose,7
Iowa,13,Audubon,9
Iowa,13,Benton,11
Iowa,13,Black Hawk,13
Iowa,13,Boone,15
Iowa,13,Bremer,17
Iowa,13,Buchanan,19
Iowa,13,Buena Vista,21
Iowa,13,Butler,23
Iowa,13,Calhoun,25
Iowa,13,Carroll,27
Iowa,13,Cass,29
Iowa,13,Cedar,31
Iowa,13,Cerro Gordo,33
Iowa,13,Cherokee,35
Iowa,13,Chickasaw,37
Iowa,13,Clarke,39
Iowa,13,Clay,41
Iowa,13,Clayton,43
Iowa,13,Clinton,45
Iowa,13,Crawford,47
Iowa,13,Dallas,49
Iowa,13,Davis,51
Iowa,13,Decatur,53
Iowa,13,Delaware,55
Iowa,13,Des Moines,57
Iowa,13,Dickinson,59
Iowa,13,Dubuque,61
Iowa,13,Emmet,63
Iowa,13,Fayette,65
Iowa,13,Floyd,67
Iowa,13,Franklin,69
Iowa,13,Fremont,71
Iowa,13,Greene,73
Iowa,13,Grundy,75
Iowa,13,Guthrie,77
Iowa,13,Hamilton,79
Iowa,13,Hancock,81
Iowa,13,Hardin,83
Iowa,13,Harrison,85
Iowa,13,Henry,87
Iowa,13,Howard,89
Iowa,13,Humboldt,91
Iowa,13,Ida,93
Iowa,13,Iowa,95
Iowa,13,Jackson,97
Iowa,13,Jasper,99
Iowa,13,Jefferson,101
Iowa,13,Johnson,103
Iowa,13,Jones,105
Iowa,13,Keokuk,107
Iowa,13,Kossuth,109
Iowa,13,Lee,111
Iowa,13,Linn,113
Iowa,13,Louisa,115
Iowa,13,Lucas,117
Iowa,13,Lyon,119
Iowa,13,Madison,121
Iowa,13,Mahaska,123
Iowa,13,Marion,125
Iowa,13,Marshall,127
Iowa,13,Mills,129
Iowa,13,Mitchell,131
Iowa,13,Monona,133
Iowa,13,Monroe,135
Iowa,13,Montgomery,137
Iowa,13,Muscatine,139
Iowa,13,Obrien,141
Iowa,13,Osceola,143
Iowa,13,Page,145
Iowa,13,Palo Alto,147
Iowa,13,Plymouth,149
Iowa,13,Pocahontas,151
Iowa,13,Polk,153
Iowa,13,Pottawattamie,155
Iowa,13,Poweshiek,157
Iowa,13,Ringgold,159
Iowa,13,Sac,161
Iowa,13,Scott,163
Iowa,13,Shelby,165
Iowa,13,Sioux,167
Iowa,13,Story,169
Iowa,13,Tama,171
Iowa,13,Taylor,173
Iowa,13,Union,175
Iowa,13,Van Buren,177
Iowa,13,Wapello,179
Iowa,13,Warren,181
Iowa,13,Washington,183
Iowa,13,Wayne,185
Iowa,13,Webster,187
Iowa,13,Winnebago,189
Iowa,13,Winneshiek,191
Iowa,13,Woodbury,193
Iowa,13,Worth,195
Iowa,13,Wright,197
Kansas,14,Allen,1
Kansas,14,Anderson,3
Kansas,14,Atchison,5
Kansas,14,Barber,7
Kansas,14,Barton,9
Kansas,14,Bourbon,11
Kansas,14,Brown,13
Kansas,14,Butler,15
Kansas,14,Chase,17
Kansas,14,Chautauqua,19
Kansas,14,Cherokee,21
Kansas,14,Cheyenne,23
Kansas,14,Clark,25
Kansas,14,Clay,27
Kansas,14,Cloud,29
Kansas,14,Coffey,31
Kansas,14,Comanche,33
Kansas,14,Cowley,35
Kansas,14,Crawford,37
Kansas,14,Decatur,39
Kansas,14,Dickinson,41
Kansas,14,Doniphan,43
Kansas,14,Douglas,45
Kansas,14,Edwards,47
Kansas,14,Elk,49
Kansas,14,Ellis,51
Kansas,14,Ellsworth,53
Kansas,14,Finney,55
Kansas,14,Ford,57
Kansas,14,Franklin,59
Kansas,14,Geary,61
Kansas,14,Gove,63
Kansas,14,Graham,65
Kansas,14,Grant,67
Kansas,14,Gray,69
Kansas,14,Greeley,71
Kansas,14,Greenwood,73
Kansas,14,Hamilton,75
Kansas,14,Harper,77
Kansas,14,Harvey,79
Kansas,14,Haskell,81
Kansas,14,Hodgeman,83
Kansas,14,Jackson,85
Kansas,14,Jefferson,87
Kansas,14,Jewell,89
Kansas,14,Johnson,91
Kansas,14,Kearny,93
Kansas,14,Kingman,95
Kansas,14,Kiowa,97
Kansas,14,Labette,99
Kansas,14,Lane,101
Kansas,14,Leavenworth,103
Kansas,14,Lincoln,105
Kansas,14,Linn,107
Kansas,14,Logan,109
Kansas,14,Lyon,111
Kansas,14,McPherson,113
Kansas,14,Marion,115
Kansas,14,Marshall,117
Kansas,14,Meade,119
Kansas,14,Miami,121
Kansas,14,Mitchell,123
Kansas,14,Montgomery,125
Kansas,14,Morris,127
Kansas,14,Morton,129
Kansas,14,Nemaha,131
Kansas,14,Neosho,133
Kansas,14,Ness,135
Kansas,14,Norton,137
Kansas,14,Osage,139
Kansas,14,Osborne,141
Kansas,14,Ottawa,143
Kansas,14,Pawnee,145
Kansas,14,Phillips,147
Kansas,14,Pottawatomie,149
Kansas,14,Pratt,151
Kansas,14,Rawlins,153
Kansas,14,Reno,155
Kansas,14,Republic,157
Kansas,14,Rice,159
Kansas,14,Riley,161
Kansas,14,Rooks,163
Kansas,14,Rush,165
Kansas,14,Russell,167
Kansas,14,Saline,169
Kansas,14,Scott,171
Kansas,14,Sedgwick,173
Kansas,14,Seward,175
Kansas,14,Shawnee,177
Kansas,14,Sheridan,179
Kansas,14,Sherman,181
Kansas,14,Smith,183
Kansas,14,Stafford,185
Kansas,14,Stanton,187
Kansas,14,Stevens,189
Kansas,14,Sumner,191
Kansas,14,Thomas,193
Kansas,14,Trego,195
Kansas,14,Wabaunsee,197
Kansas,14,Wallace,199
Kansas,14,Washington,201
Kansas,14,Wichita,203
Kansas,14,Wilson,205
Kansas,14,Woodson,207
Kansas,14,Wyandotte,209
Kentucky,15,Adair,1
Kentucky,15,Allen,3
Kentucky,15,Anderson,5
Kentucky,15,Ballard,7
Kentucky,15,Barren,9
Kentucky,15,Bath,11
Kentucky,15,Bell,13
Kentucky,15,Boone,15
Kentucky,15,Bourbon,17
Kentucky,15,Boyd,19
Kentucky,15,Boyle,21
Kentucky,15,Bracken,23
Kentucky,15,Breathitt,25
Kentucky,15,Breckinridge,27
Kentucky,15,Bullitt,29
Kentucky,15,Butler,31
Kentucky,15,Caldwell,33
Kentucky,15,Calloway,35
Kentucky,15,Campbell,37
Kentucky,15,Carlisle,39
Kentucky,15,Carroll,41
Kentucky,15,Carter,43
Kentucky,15,Casey,45
Kentucky,15,Christian,47
Kentucky,15,Clark,49
Kentucky,15,Clay,51
Kentucky,15,Clinton,53
Kentucky,15,Crittenden,55
Kentucky,15,Cumberland,57
Kentucky,15,Daviess,59
Kentucky,15,Edmonson,61
Kentucky,15,Elliott,63
Kentucky,15,Estill,65
Kentucky,15,Fayette,67
Kentucky,15,Fleming,69
Kentucky,15,Floyd,71
Kentucky,15,Franklin,73
Kentucky,15,Fulton,75
Kentucky,15,Gallatin,77
Kentucky,15,Garrard,79
Kentucky,15,Grant,81
Kentucky,15,Graves,83
Kentucky,15,Grayson,85
Kentucky,15,Green,87
Kentucky,15,Greenup,89
Kentucky,15,Hancock,91
Kentucky,15,Hardin,93
Kentucky,15,Harlan,95
Kentucky,15,Harrison,97
Kentucky,15,Hart,99
Kentucky,15,Henderson,101
Kentucky,15,Henry,103
Kentucky,15,Hickman,105
Kentucky,15,Hopkins,107
Kentucky,15,Jackson,109
Kentucky,15,Jefferson,111
Kentucky,15,Jessamine,113
Kentucky,15,Johnson,115
Kentucky,15,Kenton,117
Kentucky,15,Knott,119
Kentucky,15,Knox,121
Kentucky,15,Larue,123
Kentucky,15,Laurel,125
Kentucky,15,Lawrence,127
Kentucky,15,Lee,129
Kentucky,15,Leslie,131
Kentucky,15,Letcher,133
Kentucky,15,Lewis,135
Kentucky,15,Lincoln,137
Kentucky,15,Livingston,139
Kentucky,15,Logan,141
Kentucky,15,Lyon,143
Kentucky,15,McCracken,145
Kentucky,15,McCreary,147
Kentucky,15,Mclean,149
Kentucky,15,Madison,151
Kentucky,15,Magoffin,153
Kentucky,15,Marion,155
Kentucky,15,Marshall,157
Kentucky,15,Martin,159
Kentucky,15,Mason,161
Kentucky,15,Meade,163
Kentucky,15,Menifee,165
Kentucky,15,Mercer,167
Kentucky,15,Metcalfe,169
Kentucky,15,Monroe,171
Kentucky,15,Montgomery,173
Kentucky,15,Morgan,175
Kentucky,15,Muhlenberg,177
Kentucky,15,Nelson,179
Kentucky,15,Nicholas,181
Kentucky,15,Ohio,183
Kentucky,15,Oldham,185
Kentucky,15,Owen,187
Kentucky,15,Owsley,189
Kentucky,15,Pendleton,191
Kentucky,15,Perry,193
Kentucky,15,Pike,195
Kentucky,15,Powell,197
Kentucky,15,Pulaski,199
Kentucky,15,Robertson,201
Kentucky,15,Rockcastle,203
Kentucky,15,Rowan,205
Kentucky,15,Russell,207
Kentucky,15,Scott,209
Kentucky,15,Shelby,211
Kentucky,15,Simpson,213
Kentucky,15,Spencer,215
Kentucky,15,Taylor,217
Kentucky,15,Todd,219
Kentucky,15,Trigg,221
Kentucky,15,Trimble,223
Kentucky,15,Union,225
Kentucky,15,Warren,227
Kentucky,15,Washington,229
Kentucky,15,Wayne,231
Kentucky,15,Webster,233
Kentucky,15,Whitley,235
Kentucky,15,Wolfe,237
Kentucky,15,Woodford,239
Louisiana,16,Acadia,1
Louisiana,16,Allen,3
Louisiana,16,Ascension,5
Louisiana,16,Assumption,7
Louisiana,16,Avoyelles,9
Louisiana,16,Beauregard,11
Louisiana,16,Bienville,13
Louisiana,16,Bossier,15
Louisiana,16,Caddo,17
Louisiana,16,Calcasieu,19
Louisiana,16,Caldwell,21
Louisiana,16,Cameron,23
Louisiana,16,Catahoula,25
Louisiana,16,Claiborne,27
Louisiana,16,Concordia,29
Louisiana,16,De Soto,31
Louisiana,16,East Baton Rouge,33
Louisiana,16,East Carroll,35
Louisiana,16,East Feliciana,37
Louisiana,16,Evangeline,39
Louisiana,16,Franklin,41
Louisiana,16,Grant,43
Louisiana,16,Iberia,45
Louisiana,16,Iberville,47
Louisiana,16,Jackson,49
Louisiana,16,Jefferson,51
Louisiana,16,Jefferson Davis,53
Louisiana,16,Lafayette,55
Louisiana,16,Lafourche,57
Louisiana,16,La Salle,59
Louisiana,16,Lincoln,61
Louisiana,16,Livingston,63
Louisiana,16,Madison,65
Louisiana,16,Morehouse,67
Louisiana,16,Natchitoches,69
Louisiana,16,Orleans,71
Louisiana,16,Ouachita,73
Louisiana,16,Plaquemines,75
Louisiana,16,Pointe Coupee,77
Louisiana,16,Rapides,79
Louisiana,16,Red River,81
Louisiana,16,Richland,83
Louisiana,16,Sabine,85
Louisiana,16,St Bernard,87
Louisiana,16,St Charles,89
Louisiana,16,St Helena,91
Louisiana,16,St James,93
Louisiana,16,St John The Baptist,95
Louisiana,16,St Landry,97
Louisiana,16,St Martin,99
Louisiana,16,St Mary,101
Louisiana,16,St Tammany,103
Louisiana,16,Tangipahoa,105
Louisiana,16,Tensas,107
Louisiana,16,Terrebonne,109
Louisiana,16,Union,111
Louisiana,16,Vermilion,113
Louisiana,16,Vernon,115
Louisiana,16,Washington,117
Louisiana,16,Webster,119
Louisiana,16,West Baton Rouge,121
Louisiana,16,West Carroll,123
Louisiana,16,West Feliciana,125
Louisiana,16,Winn,127
Maine,17,Androscoggin,1
Maine,17,Aroostook,3
Maine,17,Cumberland,5
Maine,17,Franklin,7
Maine,17,Hancock,9
Maine,17,Kennebec,11
Maine,17,Knox,13
Maine,17,Lincoln,15
Maine,17,Oxford,17
Maine,17,Penobscot,19
Maine,17,Piscataquis,21
Maine,17,Sagadahoc,23
Maine,17,Somerset,25
Maine,17,Waldo,27
Maine,17,Washington,29
Maine,17,York,31
Maryland,18,Allegany,1
Maryland,18,Anne Arundel,3
Maryland,18,Baltimore,5
Maryland,18,Calvert,9
Maryland,18,Caroline,11
Maryland,18,Carroll,13
Maryland,18,Cecil,15
Maryland,18,Charles,17
Maryland,18,Dorchester,19
Maryland,18,Frederick,21
Maryland,18,Garrett,23
Maryland,18,Harford,25
Maryland,18,Howard,27
Maryland,18,Kent,29
Maryland,18,Montgomery,31
Maryland,18,Prince Georges,33
Maryland,18,Queen Annes,35
Maryland,18,St Marys,37
Maryland,18,Somerset,39
Maryland,18,Talbot,41
Maryland,18,Washington,43
Maryland,18,Wicomico,45
Maryland,18,Worcester,47
Maryland,18,Baltimore City,510
Massachusetts,19,Barnstable,1
Massachusetts,19,Berkshire,3
Massachusetts,19,Bristol,5
Massachusetts,19,Dukes,7
Massachusetts,19,Essex,9
Massachusetts,19,Franklin,11
Massachusetts,19,Hampden,13
Massachusetts,19,Hampshire,15
Massachusetts,19,Middlesex,17
Massachusetts,19,Nantucket,19
Massachusetts,19,Norfolk,21
Massachusetts,19,Plymouth,23
Massachusetts,19,Suffolk,25
Massachusetts,19,Worcester,27
Michigan,20,Alcona,1
Michigan,20,Alger,3
Michigan,20,Allegan,5
Michigan,20,Alpena,7
Michigan,20,Antrim,9
Michigan,20,Arenac,11
Michigan,20,Baraga,13
Michigan,20,Barry,15
Michigan,20,Bay,17
Michigan,20,Benzie,19
Michigan,20,Berrien,21
Michigan,20,Branch,23
Michigan,20,Calhoun,25
Michigan,20,Cass,27
Michigan,20,Charlevoix,29
Michigan,20,Cheboygan,31
Michigan,20,Chippewa,33
Michigan,20,Clare,35
Michigan,20,Clinton,37
Michigan,20,Crawford,39
Michigan,20,Delta,41
Michigan,20,Dickinson,43
Michigan,20,Eaton,45
Michigan,20,Emmet,47
Michigan,20,Genesee,49
Michigan,20,Gladwin,51
Michigan,20,Gogebic,53
Michigan,20,Grand Traverse,55
Michigan,20,Gratiot,57
Michigan,20,Hillsdale,59
Michigan,20,Houghton,61
Michigan,20,Huron,63
Michigan,20,Ingham,65
Michigan,20,Ionia,67
Michigan,20,Iosco,69
Michigan,20,Iron,71
Michigan,20,Isabella,73
Michigan,20,Jackson,75
Michigan,20,Kalamazoo,77
Michigan,20,Kalkaska,79
Michigan,20,Kent,81
Michigan,20,Keweenaw,83
Michigan,20,Lake,85
Michigan,20,Lapeer,87
Michigan,20,Leelanau,89
Michigan,20,Lenawee,91
Michigan,20,Livingston,93
Michigan,20,Luce,95
Michigan,20,Mackinac,97
Michigan,20,Macomb,99
Michigan,20,Manistee,101
Michigan,20,Marquette,103
Michigan,20,Mason,105
Michigan,20,Mecosta,107
Michigan,20,Menominee,109
Michigan,20,Midland,111
Michigan,20,Missaukee,113
Michigan,20,Monroe,115
Michigan,20,Montcalm,117
Michigan,20,Montmorency,119
Michigan,20,Muskegon,121
Michigan,20,Newaygo,123
Michigan,20,Oakland,125
Michigan,20,Oceana,127
Michigan,20,Ogemaw,129
Michigan,20,Ontonagon,131
Michigan,20,Osceola,133
Michigan,20,Oscoda,135
Michigan,20,Otsego,137
Michigan,20,Ottawa,139
Michigan,20,Presque Isle,141
Michigan,20,Roscommon,143
Michigan,20,Saginaw,145
Michigan,20,St Clair,147
Michigan,20,St Joseph,149
Michigan,20,Sanilac,151
Michigan,20,Schoolcraft,153
Michigan,20,Shiawassee,155
Michigan,20,Tuscola,157
Michigan,20,Van Buren,159
Michigan,20,Washtenaw,161
Michigan,20,Wayne,163
Michigan,20,Wexford,165
Minnesota,21,Aitkin,1
Minnesota,21,Anoka,3
Minnesota,21,Becker,5
Minnesota,21,Beltrami,7
Minnesota,21,Benton,9
Minnesota,21,Big Stone,11
Minnesota,21,Blue Earth,13
Minnesota,21,Brown,15
Minnesota,21,Carlton,17
Minnesota,21,Carver,19
Minnesota,21,Cass,21
Minnesota,21,Chippewa,23
Minnesota,21,Chisago,25
Minnesota,21,Clay,27
Minnesota,21,Clearwater,29
Minnesota,21,Cook,31
Minnesota,21,Cottonwood,33
Minnesota,21,Crow Wing,35
Minnesota,21,Dakota,37
Minnesota,21,Dodge,39
Minnesota,21,Douglas,41
Minnesota,21,Faribault,43
Minnesota,21,Fillmore,45
Minnesota,21,Freeborn,47
Minnesota,21,Goodhue,49
Minnesota,21,Grant,51
Minnesota,21,Hennepin,53
Minnesota,21,Houston,55
Minnesota,21,Hubbard,57
Minnesota,21,Isanti,59
Minnesota,21,Itasca,61
Minnesota,21,Jackson,63
Minnesota,21,Kanabec,65
Minnesota,21,Kandiyohi,67
Minnesota,21,Kittson,69
Minnesota,21,Koochiching,71
Minnesota,21,Lac Qui Parle,73
Minnesota,21,Lake,75
Minnesota,21,Lake of The Woods,77
Minnesota,21,Le Sueur,79
Minnesota,21,Lincoln,81
Minnesota,21,Lyon,83
Minnesota,21,McLeod,85
Minnesota,21,Mahnomen,87
Minnesota,21,Marshall,89
Minnesota,21,Martin,91
Minnesota,21,Meeker,93
Minnesota,21,Mille Lacs,95
Minnesota,21,Morrison,97
Minnesota,21,Mower,99
Minnesota,21,Murray,101
Minnesota,21,Nicollet,103
Minnesota,21,Nobles,105
Minnesota,21,Norman,107
Minnesota,21,Olmsted,109
Minnesota,21,Otter Tail,111
Minnesota,21,Pennington,113
Minnesota,21,Pine,115
Minnesota,21,Pipestone,117
Minnesota,21,Polk,119
Minnesota,21,Pope,121
Minnesota,21,Ramsey,123
Minnesota,21,Red Lake,125
Minnesota,21,Redwood,127
Minnesota,21,Renville,129
Minnesota,21,Rice,131
Minnesota,21,Rock,133
Minnesota,21,Roseau,135
Minnesota,21,St Louis,137
Minnesota,21,Scott,139
Minnesota,21,Sherburne,141
Minnesota,21,Sibley,143
Minnesota,21,Stearns,145
Minnesota,21,Steele,147
Minnesota,21,Stevens,149
Minnesota,21,Swift,151
Minnesota,21,Todd,153
Minnesota,21,Traverse,155
Minnesota,21,Wabasha,157
Minnesota,21,Wadena,159
Minnesota,21,Waseca,161
Minnesota,21,Washington,163
Minnesota,21,Watonwan,165
Minnesota,21,Wilkin,167
Minnesota,21,Winona,169
Minnesota,21,Wright,171
Minnesota,21,Yellow Medicine,173
Mississippi,22,Adams,1
Mississippi,22,Alcorn,3
Mississippi,22,Amite,5
Mississippi,22,Attala,7
Mississippi,22,Benton,9
Mississippi,22,Bolivar,11
Mississippi,22,Calhoun,13
Mississippi,22,Carroll,15
Mississippi,22,Chickasaw,17
Mississippi,22,Choctaw,19
Mississippi,22,Claiborne,21
Mississippi,22,Clarke,23
Mississippi,22,Clay,25
Mississippi,22,Coahoma,27
Mississippi,22,Copiah,29
Mississippi,22,Covington,31
Mississippi,22,De Soto,33
Mississippi,22,Forrest,35
Mississippi,22,Franklin,37
Mississippi,22,George,39
Mississippi,22,Greene,41
Mississippi,22,Grenada,43
Mississippi,22,Hancock,45
Mississippi,22,Harrison,47
Mississippi,22,Hinds,49
Mississippi,22,Holmes,51
Mississippi,22,Humphreys,53
Mississippi,22,Issaquena,55
Mississippi,22,Itawamba,57
Mississippi,22,Jackson,59
Mississippi,22,Jasper,61
Mississippi,22,Jefferson,63
Mississippi,22,Jefferson Davis,65
Mississippi,22,Jones,67
Mississippi,22,Kemper,69
Mississippi,22,Lafayette,71
Mississippi,22,Lamar,73
Mississippi,22,Lauderdale,75
Mississippi,22,Lawrence,77
Mississippi,22,Leake,79
Mississippi,22,Lee,81
Mississippi,22,Leflore,83
Mississippi,22,Lincoln,85
Mississippi,22,Lowndes,87
Mississippi,22,Madison,89
Mississippi,22,Marion,91
Mississippi,22,Marshall,93
Mississippi,22,Monroe,95
Mississippi,22,Montgomery,97
Mississippi,22,Neshoba,99
Mississippi,22,Newton,101
Mississippi,22,Noxubee,103
Mississippi,22,Oktibbeha,105
Mississippi,22,Panola,107
Mississippi,22,Pearl River,109
Mississippi,22,Perry,111
Mississippi,22,Pike,113
Mississippi,22,Pontotoc,115
Mississippi,22,Prentiss,117
Mississippi,22,Quitman,119
Mississippi,22,Rankin,121
Mississippi,22,Scott,123
Mississippi,22,Sharkey,125
Mississippi,22,Simpson,127
Mississippi,22,Smith,129
Mississippi,22,Stone,131
Mississippi,22,Sunflower,133
Mississippi,22,Tallahatchie,135
Mississippi,22,Tate,137
Mississippi,22,Tippah,139
Mississippi,22,Tishomingo,141
Mississippi,22,Tunica,143
Mississippi,22,Union,145
Mississippi,22,Walthall,147
Mississippi,22,Warren,149
Mississippi,22,Washington,151
Mississippi,22,Wayne,153
Mississippi,22,Webster,155
Mississippi,22,Wilkinson,157
Mississippi,22,Winston,159
Mississippi,22,Yalobusha,161
Mississippi,22,Yazoo,163
Missouri,23,Adair,1
Missouri,23,Andrew,3
Missouri,23,Atchison,5
Missouri,23,Audrain,7
Missouri,23,Barry,9
Missouri,23,Barton,11
Missouri,23,Bates,13
Missouri,23,Benton,15
Missouri,23,Bollinger,17
Missouri,23,Boone,19
Missouri,23,Buchanan,21
Missouri,23,Butler,23
Missouri,23,Caldwell,25
Missouri,23,Callaway,27
Missouri,23,Camden,29
Missouri,23,Cape Girardeau,31
Missouri,23,Carroll,33
Missouri,23,Carter,35
Missouri,23,Cass,37
Missouri,23,Cedar,39
Missouri,23,Chariton,41
Missouri,23,Christian,43
Missouri,23,Clark,45
Missouri,23,Clay,47
Missouri,23,Clinton,49
Missouri,23,Cole,51
Missouri,23,Cooper,53
Missouri,23,Crawford,55
Missouri,23,Dade,57
Missouri,23,Dallas,59
Missouri,23,Daviess,61
Missouri,23,Dekalb,63
Missouri,23,Dent,65
Missouri,23,Douglas,67
Missouri,23,Dunklin,69
Missouri,23,Franklin,71
Missouri,23,Gasconade,73
Missouri,23,Gentry,75
Missouri,23,Greene,77
Missouri,23,Grundy,79
Missouri,23,Harrison,81
Missouri,23,Henry,83
Missouri,23,Hickory,85
Missouri,23,Holt,87
Missouri,23,Howard,89
Missouri,23,Howell,91
Missouri,23,Iron,93
Missouri,23,Jackson,95
Missouri,23,Jasper,97
Missouri,23,Jefferson,99
Missouri,23,Johnson,101
Missouri,23,Knox,103
Missouri,23,Laclede,105
Missouri,23,Lafayette,107
Missouri,23,Lawrence,109
Missouri,23,Lewis,111
Missouri,23,Lincoln,113
Missouri,23,Linn,115
Missouri,23,Livingston,117
Missouri,23,Mcdonald,119
Missouri,23,Macon,121
Missouri,23,Madison,123
Missouri,23,Maries,125
Missouri,23,Marion,127
Missouri,23,Mercer,129
Missouri,23,Miller,131
Missouri,23,Mississippi,133
Missouri,23,Moniteau,135
Missouri,23,Monroe,137
Missouri,23,Montgomery,139
Missouri,23,Morgan,141
Missouri,23,New Madrid,143
Missouri,23,Newton,145
Missouri,23,Nodaway,147
Missouri,23,Oregon,149
Missouri,23,Osage,151
Missouri,23,Ozark,153
Missouri,23,Pemiscot,155
Missouri,23,Perry,157
Missouri,23,Pettis,159
Missouri,23,Phelps,161
Missouri,23,Pike,163
Missouri,23,Platte,165
Missouri,23,Polk,167
Missouri,23,Pulaski,169
Missouri,23,Putnam,171
Missouri,23,Ralls,173
Missouri,23,Randolph,175
Missouri,23,Ray,177
Missouri,23,Reynolds,179
Missouri,23,Ripley,181
Missouri,23,St Charles,183
Missouri,23,St Clair,185
Missouri,23,Ste Genevieve,186
Missouri,23,St Francois,187
Missouri,23,St Louis,189
Missouri,23,Saline,195
Missouri,23,Schuyler,197
Missouri,23,Scotland,199
Missouri,23,Scott,201
Missouri,23,Shannon,203
Missouri,23,Shelby,205
Missouri,23,Stoddard,207
Missouri,23,Stone,209
Missouri,23,Sullivan,211
Missouri,23,Taney,213
Missouri,23,Texas,215
Missouri,23,Vernon,217
Missouri,23,Warren,219
Missouri,23,Washington,221
Missouri,23,Wayne,223
Missouri,23,Webster,225
Missouri,23,Worth,227
Missouri,23,Wright,229
Missouri,23,St Louis City,510
Montana,24,Beaverhead,1
Montana,24,Big Horn,3
Montana,24,Blaine,5
Montana,24,Broadwater,7
Montana,24,Carbon,9
Montana,24,Carter,11
Montana,24,Cascade,13
Montana,24,Chouteau,15
Montana,24,Custer,17
Montana,24,Daniels,19
Montana,24,Dawson,21
Montana,24,Deer Lodge,23
Montana,24,Fallon,25
Montana,24,Fergus,27
Montana,24,Flathead,29
Montana,24,Gallatin,31
Montana,24,Garfield,33
Montana,24,Glacier,35
Montana,24,Golden Valley,37
Montana,24,Granite,39
Montana,24,Hill,41
Montana,24,Jefferson,43
Montana,24,Judith Basin,45
Montana,24,Lake,47
Montana,24,Lewis and Clark,49
Montana,24,Liberty,51
Montana,24,Lincoln,53
Montana,24,McCone,55
Montana,24,Madison,57
Montana,24,Meagher,59
Montana,24,Mineral,61
Montana,24,Missoula,63
Montana,24,Musselshell,65
Montana,24,Park,67
Montana,24,Petroleum,69
Montana,24,Phillips,71
Montana,24,Pondera,73
Montana,24,Powder River,75
Montana,24,Powell,77
Montana,24,Prairie,79
Montana,24,Ravalli,81
Montana,24,Richland,83
Montana,24,Roosevelt,85
Montana,24,Rosebud,87
Montana,24,Sanders,89
Montana,24,Sheridan,91
Montana,24,Silver Bow,93
Montana,24,Stillwater,95
Montana,24,Sweet Grass,97
Montana,24,Teton,99
Montana,24,Toole,101
Montana,24,Treasure,103
Montana,24,Valley,105
Montana,24,Wheatland,107
Montana,24,Wibaux,109
Montana,24,Yellowstone,111
Nebraska,25,Adams,1
Nebraska,25,Antelope,3
Nebraska,25,Arthur,5
Nebraska,25,Banner,7
Nebraska,25,Blaine,9
Nebraska,25,Boone,11
Nebraska,25,Box Butte,13
Nebraska,25,Boyd,15
Nebraska,25,Brown,17
Nebraska,25,Buffalo,19
Nebraska,25,Burt,21
Nebraska,25,Butler,23
Nebraska,25,Cass,25
Nebraska,25,Cedar,27
Nebraska,25,Chase,29
Nebraska,25,Cherry,31
Nebraska,25,Cheyenne,33
Nebraska,25,Clay,35
Nebraska,25,Colfax,37
Nebraska,25,Cuming,39
Nebraska,25,Custer,41
Nebraska,25,Dakota,43
Nebraska,25,Dawes,45
Nebraska,25,Dawson,47
Nebraska,25,Deuel,49
Nebraska,25,Dixon,51
Nebraska,25,Dodge,53
Nebraska,25,Douglas,55
Nebraska,25,Dundy,57
Nebraska,25,Fillmore,59
Nebraska,25,Franklin,61
Nebraska,25,Frontier,63
Nebraska,25,Furnas,65
Nebraska,25,Gage,67
Nebraska,25,Garden,69
Nebraska,25,Garfield,71
Nebraska,25,Gosper,73
Nebraska,25,Grant,75
Nebraska,25,Greeley,77
Nebraska,25,Hall,79
Nebraska,25,Hamilton,81
Nebraska,25,Harlan,83
Nebraska,25,Hayes,85
Nebraska,25,Hitchcock,87
Nebraska,25,Holt,89
Nebraska,25,Hooker,91
Nebraska,25,Howard,93
Nebraska,25,Jefferson,95
Nebraska,25,Johnson,97
Nebraska,25,Kearney,99
Nebraska,25,Keith,101
Nebraska,25,Keya Paha,103
Nebraska,25,Kimball,105
Nebraska,25,Knox,107
Nebraska,25,Lancaster,109
Nebraska,25,Lincoln,111
Nebraska,25,Logan,113
Nebraska,25,Loup,115
Nebraska,25,McPherson,117
Nebraska,25,Madison,119
Nebraska,25,Merrick,121
Nebraska,25,Morrill,123
Nebraska,25,Nance,125
Nebraska,25,Nemaha,127
Nebraska,25,Nuckolls,129
Nebraska,25,Otoe,131
Nebraska,25,Pawnee,133
Nebraska,25,Perkins,135
Nebraska,25,Phelps,137
Nebraska,25,Pierce,139
Nebraska,25,Platte,141
Nebraska,25,Polk,143
Nebraska,25,Red Willow,145
Nebraska,25,Richardson,147
Nebraska,25,Rock,149
Nebraska,25,Saline,151
Nebraska,25,Sarpy,153
Nebraska,25,Saunders,155
Nebraska,25,Scotts Bluff,157
Nebraska,25,Seward,159
Nebraska,25,Sheridan,161
Nebraska,25,Sherman,163
Nebraska,25,Sioux,165
Nebraska,25,Stanton,167
Nebraska,25,Thayer,169
Nebraska,25,Thomas,171
Nebraska,25,Thurston,173
Nebraska,25,Valley,175
Nebraska,25,Washington,177
Nebraska,25,Wayne,179
Nebraska,25,Webster,181
Nebraska,25,Wheeler,183
Nebraska,25,York,185
Nevada,26,Churchill,1
Nevada,26,Clark,3
Nevada,26,Douglas,5
Nevada,26,Elko,7
Nevada,26,Esmeralda,9
Nevada,26,Eureka,11
Nevada,26,Humboldt,13
Nevada,26,Lander,15
Nevada,26,Lincoln,17
Nevada,26,Lyon,19
Nevada,26,Mineral,21
Nevada,26,Nye,23
Nevada,26,Pershing,27
Nevada,26,Storey,29
Nevada,26,Washoe,31
Nevada,26,White Pine,33
Nevada,26,Carson City,510
New Hampshire,27,Belknap,1
New Hampshire,27,Carroll,3
New Hampshire,27,Cheshire,5
New Hampshire,27,Coos,7
New Hampshire,27,Grafton,9
New Hampshire,27,Hillsborough,11
New Hampshire,27,Merrimack,13
New Hampshire,27,Rockingham,15
New Hampshire,27,Strafford,17
New Hampshire,27,Sullivan,19
New Jersey,28,Atlantic,1
New Jersey,28,Bergen,3
New Jersey,28,Burlington,5
New Jersey,28,Camden,7
New Jersey,28,Cape May,9
New Jersey,28,Cumberland,11
New Jersey,28,Essex,13
New Jersey,28,Gloucester,15
New Jersey,28,Hudson,17
New Jersey,28,Hunterdon,19
New Jersey,28,Mercer,21
New Jersey,28,Middlesex,23
New Jersey,28,Monmouth,25
New Jersey,28,Morris,27
New Jersey,28,Ocean,29
New Jersey,28,Passaic,31
New Jersey,28,Salem,33
New Jersey,28,Somerset,35
New Jersey,28,Sussex,37
New Jersey,28,Union,39
New Jersey,28,Warren,41
New Mexico,29,Bernalillo,1
New Mexico,29,Catron,3
New Mexico,29,Chaves,5
New Mexico,29,Cibola,6
New Mexico,29,Colfax,7
New Mexico,29,Curry,9
New Mexico,29,De Baca,11
New Mexico,29,Dona Ana,13
New Mexico,29,Eddy,15
New Mexico,29,Grant,17
New Mexico,29,Guadalupe,19
New Mexico,29,Harding,21
New Mexico,29,Hidalgo,23
New Mexico,29,Lea,25
New Mexico,29,Lincoln,27
New Mexico,29,Los Alamos,28
New Mexico,29,Luna,29
New Mexico,29,Mckinley,31
New Mexico,29,Mora,33
New Mexico,29,Otero,35
New Mexico,29,Quay,37
New Mexico,29,Rio Arriba,39
New Mexico,29,Roosevelt,41
New Mexico,29,Sandoval,43
New Mexico,29,San Juan,45
New Mexico,29,San Miguel,47
New Mexico,29,Santa Fe,49
New Mexico,29,Sierra,51
New Mexico,29,Socorro,53
New Mexico,29,Taos,55
New Mexico,29,Torrance,57
New Mexico,29,Union,59
New Mexico,29,Valencia,61
New York,30,Albany,1
New York,30,Allegany,3
New York,30,Bronx,5
New York,30,Broome,7
New York,30,Cattaraugus,9
New York,30,Cayuga,11
New York,30,Chautauqua,13
New York,30,Chemung,15
New York,30,Chenango,17
New York,30,Clinton,19
New York,30,Columbia,21
New York,30,Cortland,23
New York,30,Delaware,25
New York,30,Dutchess,27
New York,30,Erie,29
New York,30,Essex,31
New York,30,Franklin,33
New York,30,Fulton,35
New York,30,Genesee,37
New York,30,Greene,39
New York,30,Hamilton,41
New York,30,Herkimer,43
New York,30,Jefferson,45
New York,30,Kings,47
New York,30,Lewis,49
New York,30,Livingston,51
New York,30,Madison,53
New York,30,Monroe,55
New York,30,Montgomery,57
New York,30,Nassau,59
New York,30,New York,61
New York,30,Niagara,63
New York,30,Oneida,65
New York,30,Onondaga,67
New York,30,Ontario,69
New York,30,Orange,71
New York,30,Orleans,73
New York,30,Oswego,75
New York,30,Otsego,77
New York,30,Putnam,79
New York,30,Queens,81
New York,30,Rensselaer,83
New York,30,Richmond,85
New York,30,Rockland,87
New York,30,St Lawrence,89
New York,30,Saratoga,91
New York,30,Schenectady,93
New York,30,Schoharie,95
New York,30,Schuyler,97
New York,30,Seneca,99
New York,30,Steuben,101
New York,30,Suffolk,103
New York,30,Sullivan,105
New York,30,Tioga,107
New York,30,Tompkins,109
New York,30,Ulster,111
New York,30,Warren,113
New York,30,Washington,115
New York,30,Wayne,117
New York,30,Westchester,119
New York,30,Wyoming,121
New York,30,Yates,123
North Carolina,31,Alamance,1
North Carolina,31,Alexander,3
North Carolina,31,Alleghany,5
North Carolina,31,Anson,7
North Carolina,31,Ashe,9
North Carolina,31,Avery,11
North Carolina,31,Beaufort,13
North Carolina,31,Bertie,15
North Carolina,31,Bladen,17
North Carolina,31,Brunswick,19
North Carolina,31,Buncombe,21
North Carolina,31,Burke,23
North Carolina,31,Cabarrus,25
North Carolina,31,Caldwell,27
North Carolina,31,Camden,29
North Carolina,31,Carteret,31
North Carolina,31,Caswell,33
North Carolina,31,Catawba,35
North Carolina,31,Chatham,37
North Carolina,31,Cherokee,39
North Carolina,31,Chowan,41
North Carolina,31,Clay,43
North Carolina,31,Cleveland,45
North Carolina,31,Columbus,47
North Carolina,31,Craven,49
North Carolina,31,Cumberland,51
North Carolina,31,Currituck,53
North Carolina,31,Dare,55
North Carolina,31,Davidson,57
North Carolina,31,Davie,59
North Carolina,31,Duplin,61
North Carolina,31,Durham,63
North Carolina,31,Edgecombe,65
North Carolina,31,Forsyth,67
North Carolina,31,Franklin,69
North Carolina,31,Gaston,71
North Carolina,31,Gates,73
North Carolina,31,Graham,75
North Carolina,31,Granville,77
North Carolina,31,Greene,79
North Carolina,31,Guilford,81
North Carolina,31,Halifax,83
North Carolina,31,Harnett,85
North Carolina,31,Haywood,87
North Carolina,31,Henderson,89
North Carolina,31,Hertford,91
North Carolina,31,Hoke,93
North Carolina,31,Hyde,95
North Carolina,31,Iredell,97
North Carolina,31,Jackson,99
North Carolina,31,Johnston,101
North Carolina,31,Jones,103
North Carolina,31,Lee,105
North Carolina,31,Lenoir,107
North Carolina,31,Lincoln,109
North Carolina,31,McDowell,111
North Carolina,31,Macon,113
North Carolina,31,Madison,115
North Carolina,31,Martin,117
North Carolina,31,Mecklenburg,119
North Carolina,31,Mitchell,121
North Carolina,31,Montgomery,123
North Carolina,31,Moore,125
North Carolina,31,Nash,127
North Carolina,31,New Hanover,129
North Carolina,31,Northampton,131
North Carolina,31,Onslow,133
North Carolina,31,Orange,135
North Carolina,31,Pamlico,137
North Carolina,31,Pasquotank,139
North Carolina,31,Pender,141
North Carolina,31,Perquimans,143
North Carolina,31,Person,145
North Carolina,31,Pitt,147
North Carolina,31,Polk,149
North Carolina,31,Randolph,151
North Carolina,31,Richmond,153
North Carolina,31,Robeson,155
North Carolina,31,Rockingham,157
North Carolina,31,Rowan,159
North Carolina,31,Rutherford,161
North Carolina,31,Sampson,163
North Carolina,31,Scotland,165
North Carolina,31,Stanly,167
North Carolina,31,Stokes,169
North Carolina,31,Surry,171
North Carolina,31,Swain,173
North Carolina,31,Transylvania,175
North Carolina,31,Tyrrell,177
North Carolina,31,Union,179
North Carolina,31,Vance,181
North Carolina,31,Wake,183
North Carolina,31,Warren,185
North Carolina,31,Washington,187
North Carolina,31,Watauga,189
North Carolina,31,Wayne,191
North Carolina,31,Wilkes,193
North Carolina,31,Wilson,195
North Carolina,31,Yadkin,197
North Carolina,31,Yancey,199
North Dakota,32,Adams,1
North Dakota,32,Barnes,3
North Dakota,32,Benson,5
North Dakota,32,Billings,7
North Dakota,32,Bottineau,9
North Dakota,32,Bowman,11
North Dakota,32,Burke,13
North Dakota,32,Burleigh,15
North Dakota,32,Cass,17
North Dakota,32,Cavalier,19
North Dakota,32,Dickey,21
North Dakota,32,Divide,23
North Dakota,32,Dunn,25
North Dakota,32,Eddy,27
North Dakota,32,Emmons,29
North Dakota,32,Foster,31
North Dakota,32,Golden Valley,33
North Dakota,32,Grand Forks,35
North Dakota,32,Grant,37
North Dakota,32,Griggs,39
North Dakota,32,Hettinger,41
North Dakota,32,Kidder,43
North Dakota,32,Lamoure,45
North Dakota,32,Logan,47
North Dakota,32,McHenry,49
North Dakota,32,McIntosh,51
North Dakota,32,Mckenzie,53
North Dakota,32,Mclean,55
North Dakota,32,Mercer,57
North Dakota,32,Morton,59
North Dakota,32,Mountrail,61
North Dakota,32,Nelson,63
North Dakota,32,Oliver,65
North Dakota,32,Pembina,67
North Dakota,32,Pierce,69
North Dakota,32,Ramsey,71
North Dakota,32,Ransom,73
North Dakota,32,Renville,75
North Dakota,32,Richland,77
North Dakota,32,Rolette,79
North Dakota,32,Sargent,81
North Dakota,32,Sheridan,83
North Dakota,32,Sioux,85
North Dakota,32,Slope,87
North Dakota,32,Stark,89
North Dakota,32,Steele,91
North Dakota,32,Stutsman,93
North Dakota,32,Towner,95
North Dakota,32,Traill,97
North Dakota,32,Walsh,99
North Dakota,32,Ward,101
North Dakota,32,Wells,103
North Dakota,32,Williams,105
Ohio,33,Adams,1
Ohio,33,Allen,3
Ohio,33,Ashland,5
Ohio,33,Ashtabula,7
Ohio,33,Athens,9
Ohio,33,Auglaize,11
Ohio,33,Belmont,13
Ohio,33,Brown,15
Ohio,33,Butler,17
Ohio,33,Carroll,19
Ohio,33,Champaign,21
Ohio,33,Clark,23
Ohio,33,Clermont,25
Ohio,33,Clinton,27
Ohio,33,Columbiana,29
Ohio,33,Coshocton,31
Ohio,33,Crawford,33
Ohio,33,Cuyahoga,35
Ohio,33,Darke,37
Ohio,33,Defiance,39
Ohio,33,Delaware,41
Ohio,33,Erie,43
Ohio,33,Fairfield,45
Ohio,33,Fayette,47
Ohio,33,Franklin,49
Ohio,33,Fulton,51
Ohio,33,Gallia,53
Ohio,33,Geauga,55
Ohio,33,Greene,57
Ohio,33,Guernsey,59
Ohio,33,Hamilton,61
Ohio,33,Hancock,63
Ohio,33,Hardin,65
Ohio,33,Harrison,67
Ohio,33,Henry,69
Ohio,33,Highland,71
Ohio,33,Hocking,73
Ohio,33,Holmes,75
Ohio,33,Huron,77
Ohio,33,Jackson,79
Ohio,33,Jefferson,81
Ohio,33,Knox,83
Ohio,33,Lake,85
Ohio,33,Lawrence,87
Ohio,33,Licking,89
Ohio,33,Logan,91
Ohio,33,Lorain,93
Ohio,33,Lucas,95
Ohio,33,Madison,97
Ohio,33,Mahoning,99
Ohio,33,Marion,101
Ohio,33,Medina,103
Ohio,33,Meigs,105
Ohio,33,Mercer,107
Ohio,33,Miami,109
Ohio,33,Monroe,111
Ohio,33,Montgomery,113
Ohio,33,Morgan,115
Ohio,33,Morrow,117
Ohio,33,Muskingum,119
Ohio,33,Noble,121
Ohio,33,Ottawa,123
Ohio,33,Paulding,125
Ohio,33,Perry,127
Ohio,33,Pickaway,129
Ohio,33,Pike,131
Ohio,33,Portage,133
Ohio,33,Preble,135
Ohio,33,Putnam,137
Ohio,33,Richland,139
Ohio,33,Ross,141
Ohio,33,Sandusky,143
Ohio,33,Scioto,145
Ohio,33,Seneca,147
Ohio,33,Shelby,149
Ohio,33,Stark,151
Ohio,33,Summit,153
Ohio,33,Trumbull,155
Ohio,33,Tuscarawas,157
Ohio,33,Union,159
Ohio,33,Van Wert,161
Ohio,33,Vinton,163
Ohio,33,Warren,165
Ohio,33,Washington,167
Ohio,33,Wayne,169
Ohio,33,Williams,171
Ohio,33,Wood,173
Ohio,33,Wyandot,175
Oklahoma,34,Adair,1
Oklahoma,34,Alfalfa,3
Oklahoma,34,Atoka,5
Oklahoma,34,Beaver,7
Oklahoma,34,Beckham,9
Oklahoma,34,Blaine,11
Oklahoma,34,Bryan,13
Oklahoma,34,Caddo,15
Oklahoma,34,Canadian,17
Oklahoma,34,Carter,19
Oklahoma,34,Cherokee,21
Oklahoma,34,Choctaw,23
Oklahoma,34,Cimarron,25
Oklahoma,34,Cleveland,27
Oklahoma,34,Coal,29
Oklahoma,34,Comanche,31
Oklahoma,34,Cotton,33
Oklahoma,34,Craig,35
Oklahoma,34,Creek,37
Oklahoma,34,Custer,39
Oklahoma,34,Delaware,41
Oklahoma,34,Dewey,43
Oklahoma,34,Ellis,45
Oklahoma,34,Garfield,47
Oklahoma,34,Garvin,49
Oklahoma,34,Grady,51
Oklahoma,34,Grant,53
Oklahoma,34,Greer,55
Oklahoma,34,Harmon,57
Oklahoma,34,Harper,59
Oklahoma,34,Haskell,61
Oklahoma,34,Hughes,63
Oklahoma,34,Jackson,65
Oklahoma,34,Jefferson,67
Oklahoma,34,Johnston,69
Oklahoma,34,Kay,71
Oklahoma,34,Kingfisher,73
Oklahoma,34,Kiowa,75
Oklahoma,34,Latimer,77
Oklahoma,34,Le Flore,79
Oklahoma,34,Lincoln,81
Oklahoma,34,Logan,83
Oklahoma,34,Love,85
Oklahoma,34,Mcclain,87
Oklahoma,34,McCurtain,89
Oklahoma,34,McIntosh,91
Oklahoma,34,Major,93
Oklahoma,34,Marshall,95
Oklahoma,34,Mayes,97
Oklahoma,34,Murray,99
Oklahoma,34,Muskogee,101
Oklahoma,34,Noble,103
Oklahoma,34,Nowata,105
Oklahoma,34,Okfuskee,107
Oklahoma,34,Oklahoma,109
Oklahoma,34,Okmulgee,111
Oklahoma,34,Osage,113
Oklahoma,34,Ottawa,115
Oklahoma,34,Pawnee,117
Oklahoma,34,Payne,119
Oklahoma,34,Pittsburg,121
Oklahoma,34,Pontotoc,123
Oklahoma,34,Pottawatomie,125
Oklahoma,34,Pushmataha,127
Oklahoma,34,Roger Mills,129
Oklahoma,34,Rogers,131
Oklahoma,34,Seminole,133
Oklahoma,34,Sequoyah,135
Oklahoma,34,Stephens,137
Oklahoma,34,Texas,139
Oklahoma,34,Tillman,141
Oklahoma,34,Tulsa,143
Oklahoma,34,Wagoner,145
Oklahoma,34,Washington,147
Oklahoma,34,Washita,149
Oklahoma,34,Woods,151
Oklahoma,34,Woodward,153
Oregon,35,Baker,1
Oregon,35,Benton,3
Oregon,35,Clackamas,5
Oregon,35,Clatsop,7
Oregon,35,Columbia,9
Oregon,35,Coos,11
Oregon,35,Crook,13
Oregon,35,Curry,15
Oregon,35,Deschutes,17
Oregon,35,Douglas,19
Oregon,35,Gilliam,21
Oregon,35,Grant,23
Oregon,35,Harney,25
Oregon,35,Hood River,27
Oregon,35,Jackson,29
Oregon,35,Jefferson,31
Oregon,35,Josephine,33
Oregon,35,Klamath,35
Oregon,35,Lake,37
Oregon,35,Lane,39
Oregon,35,Lincoln,41
Oregon,35,Linn,43
Oregon,35,Malheur,45
Oregon,35,Marion,47
Oregon,35,Morrow,49
Oregon,35,Multnomah,51
Oregon,35,Polk,53
Oregon,35,Sherman,55
Oregon,35,Tillamook,57
Oregon,35,Umatilla,59
Oregon,35,Union,61
Oregon,35,Wallowa,63
Oregon,35,Wasco,65
Oregon,35,Washington,67
Oregon,35,Wheeler,69
Oregon,35,Yamhill,71
Pennsylvania,36,Adams,1
Pennsylvania,36,Allegheny,3
Pennsylvania,36,Armstrong,5
Pennsylvania,36,Beaver,7
Pennsylvania,36,Bedford,9
Pennsylvania,36,Berks,11
Pennsylvania,36,Blair,13
Pennsylvania,36,Bradford,15
Pennsylvania,36,Bucks,17
Pennsylvania,36,Butler,19
Pennsylvania,36,Cambria,21
Pennsylvania,36,Cameron,23
Pennsylvania,36,Carbon,25
Pennsylvania,36,Centre,27
Pennsylvania,36,Chester,29
Pennsylvania,36,Clarion,31
Pennsylvania,36,Clearfield,33
Pennsylvania,36,Clinton,35
Pennsylvania,36,Columbia,37
Pennsylvania,36,Crawford,39
Pennsylvania,36,Cumberland,41
Pennsylvania,36,Dauphin,43
Pennsylvania,36,Delaware,45
Pennsylvania,36,Elk,47
Pennsylvania,36,Erie,49
Pennsylvania,36,Fayette,51
Pennsylvania,36,Forest,53
Pennsylvania,36,Franklin,55
Pennsylvania,36,Fulton,57
Pennsylvania,36,Greene,59
Pennsylvania,36,Huntingdon,61
Pennsylvania,36,Indiana,63
Pennsylvania,36,Jefferson,65
Pennsylvania,36,Juniata,67
Pennsylvania,36,Lackawanna,69
Pennsylvania,36,Lancaster,71
Pennsylvania,36,Lawrence,73
Pennsylvania,36,Lebanon,75
Pennsylvania,36,Lehigh,77
Pennsylvania,36,Luzerne,79
Pennsylvania,36,Lycoming,81
Pennsylvania,36,McKean,83
Pennsylvania,36,Mercer,85
Pennsylvania,36,Mifflin,87
Pennsylvania,36,Monroe,89
Pennsylvania,36,Montgomery,91
Pennsylvania,36,Montour,93
Pennsylvania,36,Northampton,95
Pennsylvania,36,Northumberland,97
Pennsylvania,36,Perry,99
Pennsylvania,36,Philadelphia,101
Pennsylvania,36,Pike,103
Pennsylvania,36,Potter,105
Pennsylvania,36,Schuylkill,107
Pennsylvania,36,Snyder,109
Pennsylvania,36,Somerset,111
Pennsylvania,36,Sullivan,113
Pennsylvania,36,Susquehanna,115
Pennsylvania,36,Tioga,117
Pennsylvania,36,Union,119
Pennsylvania,36,Venango,121
Pennsylvania,36,Warren,123
Pennsylvania,36,Washington,125
Pennsylvania,36,Wayne,127
Pennsylvania,36,Westmoreland,129
Pennsylvania,36,Wyoming,131
Pennsylvania,36,York,133
Rhode Island,37,Bristol,1
Rhode Island,37,Kent,3
Rhode Island,37,Newport,5
Rhode Island,37,Providence,7
Rhode Island,37,Washington,9
South Carolina,38,Abbeville,1
South Carolina,38,Aiken,3
South Carolina,38,Allendale,5
South Carolina,38,Anderson,7
South Carolina,38,Bamberg,9
South Carolina,38,Barnwell,11
South Carolina,38,Beaufort,13
South Carolina,38,Berkeley,15
South Carolina,38,Calhoun,17
South Carolina,38,Charleston,19
South Carolina,38,Cherokee,21
South Carolina,38,Chester,23
South Carolina,38,Chesterfield,25
South Carolina,38,Clarendon,27
South Carolina,38,Colleton,29
South Carolina,38,Darlington,31
South Carolina,38,Dillon,33
South Carolina,38,Dorchester,35
South Carolina,38,Edgefield,37
South Carolina,38,Fairfield,39
South Carolina,38,Florence,41
South Carolina,38,Georgetown,43
South Carolina,38,Greenville,45
South Carolina,38,Greenwood,47
South Carolina,38,Hampton,49
South Carolina,38,Horry,51
South Carolina,38,Jasper,53
South Carolina,38,Kershaw,55
South Carolina,38,Lancaster,57
South Carolina,38,Laurens,59
South Carolina,38,Lee,61
South Carolina,38,Lexington,63
South Carolina,38,McCormick,65
South Carolina,38,Marion,67
South Carolina,38,Marlboro,69
South Carolina,38,Newberry,71
South Carolina,38,Oconee,73
South Carolina,38,Orangeburg,75
South Carolina,38,Pickens,77
South Carolina,38,Richland,79
South Carolina,38,Saluda,81
South Carolina,38,Spartanburg,83
South Carolina,38,Sumter,85
South Carolina,38,Union,87
South Carolina,38,Williamsburg,89
South Carolina,38,York,91
South Dakota,39,Aurora,3
South Dakota,39,Beadle,5
South Dakota,39,Bennett,7
South Dakota,39,Bon Homme,9
South Dakota,39,Brookings,11
South Dakota,39,Brown,13
South Dakota,39,Brule,15
South Dakota,39,Buffalo,17
South Dakota,39,Butte,19
South Dakota,39,Campbell,21
South Dakota,39,Charles Mix,23
South Dakota,39,Clark,25
South Dakota,39,Clay,27
South Dakota,39,Codington,29
South Dakota,39,Corson,31
South Dakota,39,Custer,33
South Dakota,39,Davison,35
South Dakota,39,Day,37
South Dakota,39,Deuel,39
South Dakota,39,Dewey,41
South Dakota,39,Douglas,43
South Dakota,39,Edmunds,45
South Dakota,39,Fall River,47
South Dakota,39,Faulk,49
South Dakota,39,Grant,51
South Dakota,39,Gregory,53
South Dakota,39,Haakon,55
South Dakota,39,Hamlin,57
South Dakota,39,Hand,59
South Dakota,39,Hanson,61
South Dakota,39,Harding,63
South Dakota,39,Hughes,65
South Dakota,39,Hutchinson,67
South Dakota,39,Hyde,69
South Dakota,39,Jackson,71
South Dakota,39,Jerauld,73
South Dakota,39,Jones,75
South Dakota,39,Kingsbury,77
South Dakota,39,Lake,79
South Dakota,39,Lawrence,81
South Dakota,39,Lincoln,83
South Dakota,39,Lyman,85
South Dakota,39,McCook,87
South Dakota,39,McPherson,89
South Dakota,39,Marshall,91
South Dakota,39,Meade,93
South Dakota,39,Mellette,95
South Dakota,39,Miner,97
South Dakota,39,Minnehaha,99
South Dakota,39,Moody,101
South Dakota,39,Pennington,103
South Dakota,39,Perkins,105
South Dakota,39,Potter,107
South Dakota,39,Roberts,109
South Dakota,39,Sanborn,111
South Dakota,39,Shannon,113
South Dakota,39,Spink,115
South Dakota,39,Stanley,117
South Dakota,39,Sully,119
South Dakota,39,Todd,121
South Dakota,39,Tripp,123
South Dakota,39,Turner,125
South Dakota,39,Union,127
South Dakota,39,Walworth,129
South Dakota,39,Yankton,135
South Dakota,39,Ziebach,137
Tennessee,40,Anderson,1
Tennessee,40,Bedford,3
Tennessee,40,Benton,5
Tennessee,40,Bledsoe,7
Tennessee,40,Blount,9
Tennessee,40,Bradley,11
Tennessee,40,Campbell,13
Tennessee,40,Cannon,15
Tennessee,40,Carroll,17
Tennessee,40,Carter,19
Tennessee,40,Cheatham,21
Tennessee,40,Chester,23
Tennessee,40,Claiborne,25
Tennessee,40,Clay,27
Tennessee,40,Cocke,29
Tennessee,40,Coffee,31
Tennessee,40,Crockett,33
Tennessee,40,Cumberland,35
Tennessee,40,Davidson,37
Tennessee,40,Decatur,39
Tennessee,40,Dekalb,41
Tennessee,40,Dickson,43
Tennessee,40,Dyer,45
Tennessee,40,Fayette,47
Tennessee,40,Fentress,49
Tennessee,40,Franklin,51
Tennessee,40,Gibson,53
Tennessee,40,Giles,55
Tennessee,40,Grainger,57
Tennessee,40,Greene,59
Tennessee,40,Grundy,61
Tennessee,40,Hamblen,63
Tennessee,40,Hamilton,65
Tennessee,40,Hancock,67
Tennessee,40,Hardeman,69
Tennessee,40,Hardin,71
Tennessee,40,Hawkins,73
Tennessee,40,Haywood,75
Tennessee,40,Henderson,77
Tennessee,40,Henry,79
Tennessee,40,Hickman,81
Tennessee,40,Houston,83
Tennessee,40,Humphreys,85
Tennessee,40,Jackson,87
Tennessee,40,Jefferson,89
Tennessee,40,Johnson,91
Tennessee,40,Knox,93
Tennessee,40,Lake,95
Tennessee,40,Lauderdale,97
Tennessee,40,Lawrence,99
Tennessee,40,Lewis,101
Tennessee,40,Lincoln,103
Tennessee,40,Loudon,105
Tennessee,40,McMinn,107
Tennessee,40,McNairy,109
Tennessee,40,Macon,111
Tennessee,40,Madison,113
Tennessee,40,Marion,115
Tennessee,40,Marshall,117
Tennessee,40,Maury,119
Tennessee,40,Meigs,121
Tennessee,40,Monroe,123
Tennessee,40,Montgomery,125
Tennessee,40,Moore,127
Tennessee,40,Morgan,129
Tennessee,40,Obion,131
Tennessee,40,Overton,133
Tennessee,40,Perry,135
Tennessee,40,Pickett,137
Tennessee,40,Polk,139
Tennessee,40,Putnam,141
Tennessee,40,Rhea,143
Tennessee,40,Roane,145
Tennessee,40,Robertson,147
Tennessee,40,Rutherford,149
Tennessee,40,Scott,151
Tennessee,40,Sequatchie,153
Tennessee,40,Sevier,155
Tennessee,40,Shelby,157
Tennessee,40,Smith,159
Tennessee,40,Stewart,161
Tennessee,40,Sullivan,163
Tennessee,40,Sumner,165
Tennessee,40,Tipton,167
Tennessee,40,Trousdale,169
Tennessee,40,Unicoi,171
Tennessee,40,Union,173
Tennessee,40,Van Buren,175
Tennessee,40,Warren,177
Tennessee,40,Washington,179
Tennessee,40,Wayne,181
Tennessee,40,Weakley,183
Tennessee,40,White,185
Tennessee,40,Williamson,187
Tennessee,40,Wilson,189
Texas,41,Anderson,1
Texas,41,Andrews,3
Texas,41,Angelina,5
Texas,41,Aransas,7
Texas,41,Archer,9
Texas,41,Armstrong,11
Texas,41,Atascosa,13
Texas,41,Austin,15
Texas,41,Bailey,17
Texas,41,Bandera,19
Texas,41,Bastrop,21
Texas,41,Baylor,23
Texas,41,Bee,25
Texas,41,Bell,27
Texas,41,Bexar,29
Texas,41,Blanco,31
Texas,41,Borden,33
Texas,41,Bosque,35
Texas,41,Bowie,37
Texas,41,Brazoria,39
Texas,41,Brazos,41
Texas,41,Brewster,43
Texas,41,Briscoe,45
Texas,41,Brooks,47
Texas,41,Brown,49
Texas,41,Burleson,51
Texas,41,Burnet,53
Texas,41,Caldwell,55
Texas,41,Calhoun,57
Texas,41,Callahan,59
Texas,41,Cameron,61
Texas,41,Camp,63
Texas,41,Carson,65
Texas,41,Cass,67
Texas,41,Castro,69
Texas,41,Chambers,71
Texas,41,Cherokee,73
Texas,41,Childress,75
Texas,41,Clay,77
Texas,41,Cochran,79
Texas,41,Coke,81
Texas,41,Coleman,83
Texas,41,Collin,85
Texas,41,Collingsworth,87
Texas,41,Colorado,89
Texas,41,Comal,91
Texas,41,Comanche,93
Texas,41,Concho,95
Texas,41,Cooke,97
Texas,41,Coryell,99
Texas,41,Cottle,101
Texas,41,Crane,103
Texas,41,Crockett,105
Texas,41,Crosby,107
Texas,41,Culberson,109
Texas,41,Dallam,111
Texas,41,Dallas,113
Texas,41,Dawson,115
Texas,41,Deaf Smith,117
Texas,41,Delta,119
Texas,41,Denton,121
Texas,41,De Witt,123
Texas,41,Dickens,125
Texas,41,Dimmit,127
Texas,41,Donley,129
Texas,41,Duval,131
Texas,41,Eastland,133
Texas,41,Ector,135
Texas,41,Edwards,137
Texas,41,Ellis,139
Texas,41,El Paso,141
Texas,41,Erath,143
Texas,41,Falls,145
Texas,41,Fannin,147
Texas,41,Fayette,149
Texas,41,Fisher,151
Texas,41,Floyd,153
Texas,41,Foard,155
Texas,41,Fort Bend,157
Texas,41,Franklin,159
Texas,41,Freestone,161
Texas,41,Frio,163
Texas,41,Gaines,165
Texas,41,Galveston,167
Texas,41,Garza,169
Texas,41,Gillespie,171
Texas,41,Glasscock,173
Texas,41,Goliad,175
Texas,41,Gonzales,177
Texas,41,Gray,179
Texas,41,Grayson,181
Texas,41,Gregg,183
Texas,41,Grimes,185
Texas,41,Guadalupe,187
Texas,41,Hale,189
Texas,41,Hall,191
Texas,41,Hamilton,193
Texas,41,Hansford,195
Texas,41,Hardeman,197
Texas,41,Hardin,199
Texas,41,Harris,201
Texas,41,Harrison,203
Texas,41,Hartley,205
Texas,41,Haskell,207
Texas,41,Hays,209
Texas,41,Hemphill,211
Texas,41,Henderson,213
Texas,41,Hidalgo,215
Texas,41,Hill,217
Texas,41,Hockley,219
Texas,41,Hood,221
Texas,41,Hopkins,223
Texas,41,Houston,225
Texas,41,Howard,227
Texas,41,Hudspeth,229
Texas,41,Hunt,231
Texas,41,Hutchinson,233
Texas,41,Irion,235
Texas,41,Jack,237
Texas,41,Jackson,239
Texas,41,Jasper,241
Texas,41,Jeff Davis,243
Texas,41,Jefferson,245
Texas,41,Jim Hogg,247
Texas,41,Jim Wells,249
Texas,41,Johnson,251
Texas,41,Jones,253
Texas,41,Karnes,255
Texas,41,Kaufman,257
Texas,41,Kendall,259
Texas,41,Kenedy,261
Texas,41,Kent,263
Texas,41,Kerr,265
Texas,41,Kimble,267
Texas,41,King,269
Texas,41,Kinney,271
Texas,41,Kleberg,273
Texas,41,Knox,275
Texas,41,Lamar,277
Texas,41,Lamb,279
Texas,41,Lampasas,281
Texas,41,La Salle,283
Texas,41,Lavaca,285
Texas,41,Lee,287
Texas,41,Leon,289
Texas,41,Liberty,291
Texas,41,Limestone,293
Texas,41,Lipscomb,295
Texas,41,Live Oak,297
Texas,41,Llano,299
Texas,41,Loving,301
Texas,41,Lubbock,303
Texas,41,Lynn,305
Texas,41,McCulloch,307
Texas,41,McLennan,309
Texas,41,McMullen,311
Texas,41,Madison,313
Texas,41,Marion,315
Texas,41,Martin,317
Texas,41,Mason,319
Texas,41,Matagorda,321
Texas,41,Maverick,323
Texas,41,Medina,325
Texas,41,Menard,327
Texas,41,Midland,329
Texas,41,Milam,331
Texas,41,Mills,333
Texas,41,Mitchell,335
Texas,41,Montague,337
Texas,41,Montgomery,339
Texas,41,Moore,341
Texas,41,Morris,343
Texas,41,Motley,345
Texas,41,Nacogdoches,347
Texas,41,Navarro,349
Texas,41,Newton,351
Texas,41,Nolan,353
Texas,41,Nueces,355
Texas,41,Ochiltree,357
Texas,41,Oldham,359
Texas,41,Orange,361
Texas,41,Palo Pinto,363
Texas,41,Panola,365
Texas,41,Parker,367
Texas,41,Parmer,369
Texas,41,Pecos,371
Texas,41,Polk,373
Texas,41,Potter,375
Texas,41,Presidio,377
Texas,41,Rains,379
Texas,41,Randall,381
Texas,41,Reagan,383
Texas,41,Real,385
Texas,41,Red River,387
Texas,41,Reeves,389
Texas,41,Refugio,391
Texas,41,Roberts,393
Texas,41,Robertson,395
Texas,41,Rockwall,397
Texas,41,Runnels,399
Texas,41,Rusk,401
Texas,41,Sabine,403
Texas,41,San Augustine,405
Texas,41,San Jacinto,407
Texas,41,San Patricio,409
Texas,41,San Saba,411
Texas,41,Schleicher,413
Texas,41,Scurry,415
Texas,41,Shackelford,417
Texas,41,Shelby,419
Texas,41,Sherman,421
Texas,41,Smith,423
Texas,41,Somervell,425
Texas,41,Starr,427
Texas,41,Stephens,429
Texas,41,Sterling,431
Texas,41,Stonewall,433
Texas,41,Sutton,435
Texas,41,Swisher,437
Texas,41,Tarrant,439
Texas,41,Taylor,441
Texas,41,Terrell,443
Texas,41,Terry,445
Texas,41,Throckmorton,447
Texas,41,Titus,449
Texas,41,Tom Green,451
Texas,41,Travis,453
Texas,41,Trinity,455
Texas,41,Tyler,457
Texas,41,Upshur,459
Texas,41,Upton,461
Texas,41,Uvalde,463
Texas,41,Val Verde,465
Texas,41,Van Zandt,467
Texas,41,Victoria,469
Texas,41,Walker,471
Texas,41,Waller,473
Texas,41,Ward,475
Texas,41,Washington,477
Texas,41,Webb,479
Texas,41,Wharton,481
Texas,41,Wheeler,483
Texas,41,Wichita,485
Texas,41,Wilbarger,487
Texas,41,Willacy,489
Texas,41,Williamson,491
Texas,41,Wilson,493
Texas,41,Winkler,495
Texas,41,Wise,497
Texas,41,Wood,499
Texas,41,Yoakum,501
Texas,41,Young,503
Texas,41,Zapata,505
Texas,41,Zavala,507
Utah,42,Beaver,1
Utah,42,Box Elder,3
Utah,42,Cache,5
Utah,42,Carbon,7
Utah,42,Daggett,9
Utah,42,Davis,11
Utah,42,Duchesne,13
Utah,42,Emery,15
Utah,42,Garfield,17
Utah,42,Grand,19
Utah,42,Iron,21
Utah,42,Juab,23
Utah,42,Kane,25
Utah,42,Millard,27
Utah,42,Morgan,29
Utah,42,Piute,31
Utah,42,Rich,33
Utah,42,Salt Lake,35
Utah,42,San Juan,37
Utah,42,Sanpete,39
Utah,42,Sevier,41
Utah,42,Summit,43
Utah,42,Tooele,45
Utah,42,Uintah,47
Utah,42,Utah,49
Utah,42,Wasatch,51
Utah,42,Washington,53
Utah,42,Wayne,55
Utah,42,Weber,57
Vermont,43,Addison,1
Vermont,43,Bennington,3
Vermont,43,Caledonia,5
Vermont,43,Chittenden,7
Vermont,43,Essex,9
Vermont,43,Franklin,11
Vermont,43,Grand Isle,13
Vermont,43,Lamoille,15
Vermont,43,Orange,17
Vermont,43,Orleans,19
Vermont,43,Rutland,21
Vermont,43,Washington,23
Vermont,43,Windham,25
Vermont,43,Windsor,27
Virginia,44,Accomack,1
Virginia,44,Albemarle,3
Virginia,44,Alleghany,5
Virginia,44,Amelia,7
Virginia,44,Amherst,9
Virginia,44,Appomattox,11
Virginia,44,Arlington,13
Virginia,44,Augusta,15
Virginia,44,Bath,17
Virginia,44,Bedford,19
Virginia,44,Bland,21
Virginia,44,Botetourt,23
Virginia,44,Brunswick,25
Virginia,44,Buchanan,27
Virginia,44,Buckingham,29
Virginia,44,Campbell,31
Virginia,44,Caroline,33
Virginia,44,Carroll,35
Virginia,44,Charles City,36
Virginia,44,Charlotte,37
Virginia,44,Chesterfield,41
Virginia,44,Clarke,43
Virginia,44,Craig,45
Virginia,44,Culpeper,47
Virginia,44,Cumberland,49
Virginia,44,Dickenson,51
Virginia,44,Dinwiddie,53
Virginia,44,Essex,57
Virginia,44,Fairfax,59
Virginia,44,Fauquier,61
Virginia,44,Floyd,63
Virginia,44,Fluvanna,65
Virginia,44,Franklin,67
Virginia,44,Frederick,69
Virginia,44,Giles,71
Virginia,44,Gloucester,73
Virginia,44,Goochland,75
Virginia,44,Grayson,77
Virginia,44,Greene,79
Virginia,44,Greensville,81
Virginia,44,Halifax,83
Virginia,44,Hanover,85
Virginia,44,Henrico,87
Virginia,44,Henry,89
Virginia,44,Highland,91
Virginia,44,Isle of Wight,93
Virginia,44,James City,95
Virginia,44,King and Queen,97
Virginia,44,King George,99
Virginia,44,King William,101
Virginia,44,Lancaster,103
Virginia,44,Lee,105
Virginia,44,Loudoun,107
Virginia,44,Louisa,109
Virginia,44,Lunenburg,111
Virginia,44,Madison,113
Virginia,44,Mathews,115
Virginia,44,Mecklenburg,117
Virginia,44,Middlesex,119
Virginia,44,Montgomery,121
Virginia,44,Nelson,125
Virginia,44,New Kent,127
Virginia,44,Northampton,131
Virginia,44,Northumberland,133
Virginia,44,Nottoway,135
Virginia,44,Orange,137
Virginia,44,Page,139
Virginia,44,Patrick,141
Virginia,44,Pittsylvania,143
Virginia,44,Powhatan,145
Virginia,44,Prince Edward,147
Virginia,44,Prince George,149
Virginia,44,Prince William,153
Virginia,44,Pulaski,155
Virginia,44,Rappahannock,157
Virginia,44,Richmond,159
Virginia,44,Roanoke,161
Virginia,44,Rockbridge,163
Virginia,44,Rockingham,165
Virginia,44,Russell,167
Virginia,44,Scott,169
Virginia,44,Shenandoah,171
Virginia,44,Smyth,173
Virginia,44,Southampton,175
Virginia,44,Spotsylvania,177
Virginia,44,Stafford,179
Virginia,44,Surry,181
Virginia,44,Sussex,183
Virginia,44,Tazewell,185
Virginia,44,Warren,187
Virginia,44,Washington,191
Virginia,44,Westmoreland,193
Virginia,44,Wise,195
Virginia,44,Wythe,197
Virginia,44,York,199
Virginia,44,Alexandria City,510
Virginia,44,Bedford City,515
Virginia,44,Bristol City,520
Virginia,44,Buena Vista City,530
Virginia,44,Charlottesville City,540
Virginia,44,Chesapeake City,550
Virginia,44,Clifton Forge City,560
Virginia,44,Colonial Heights City,570
Virginia,44,Covington City,580
Virginia,44,Danville City,590
Virginia,44,Emporia City,595
Virginia,44,Fairfax City,600
Virginia,44,Falls Church City,610
Virginia,44,Franklin City,620
Virginia,44,Fredericksburg City,630
Virginia,44,Galax City,640
Virginia,44,Hampton City,650
Virginia,44,Harrisonburg City,660
Virginia,44,Hopewell City,670
Virginia,44,Lexington City,678
Virginia,44,Lynchburg City,680
Virginia,44,Manassas City,683
Virginia,44,Manassas Park City,685
Virginia,44,Martinsville City,690
Virginia,44,Newport News City,700
Virginia,44,Norfolk City,710
Virginia,44,Norton City,720
Virginia,44,Petersburg City,730
Virginia,44,Poquoson City,735
Virginia,44,Portsmouth City,740
Virginia,44,Radford,750
Virginia,44,Richmond City,760
Virginia,44,Roanoke City,770
Virginia,44,Salem City,775
Virginia,44,South Boston City,780
Virginia,44,Staunton City,790
Virginia,44,Suffolk City,800
Virginia,44,Virginia Beach City,810
Virginia,44,Waynesboro City,820
Virginia,44,Williamsburg City,830
Virginia,44,Winchester City,840
Washington,45,Adams,1
Washington,45,Asotin,3
Washington,45,Benton,5
Washington,45,Chelan,7
Washington,45,Clallam,9
Washington,45,Clark,11
Washington,45,Columbia,13
Washington,45,Cowlitz,15
Washington,45,Douglas,17
Washington,45,Ferry,19
Washington,45,Franklin,21
Washington,45,Garfield,23
Washington,45,Grant,25
Washington,45,Grays Harbor,27
Washington,45,Island,29
Washington,45,Jefferson,31
Washington,45,King,33
Washington,45,Kitsap,35
Washington,45,Kittitas,37
Washington,45,Klickitat,39
Washington,45,Lewis,41
Washington,45,Lincoln,43
Washington,45,Mason,45
Washington,45,Okanogan,47
Washington,45,Pacific,49
Washington,45,Pend Oreille,51
Washington,45,Pierce,53
Washington,45,San Juan,55
Washington,45,Skagit,57
Washington,45,Skamania,59
Washington,45,Snohomish,61
Washington,45,Spokane,63
Washington,45,Stevens,65
Washington,45,Thurston,67
Washington,45,Wahkiakum,69
Washington,45,Walla Walla,71
Washington,45,Whatcom,73
Washington,45,Whitman,75
Washington,45,Yakima,77
West Virginia,46,Barbour,1
West Virginia,46,Berkeley,3
West Virginia,46,Boone,5
West Virginia,46,Braxton,7
West Virginia,46,Brooke,9
West Virginia,46,Cabell,11
West Virginia,46,Calhoun,13
West Virginia,46,Clay,15
West Virginia,46,Doddridge,17
West Virginia,46,Fayette,19
West Virginia,46,Gilmer,21
West Virginia,46,Grant,23
West Virginia,46,Greenbrier,25
West Virginia,46,Hampshire,27
West Virginia,46,Hancock,29
West Virginia,46,Hardy,31
West Virginia,46,Harrison,33
West Virginia,46,Jackson,35
West Virginia,46,Jefferson,37
West Virginia,46,Kanawha,39
West Virginia,46,Lewis,41
West Virginia,46,Lincoln,43
West Virginia,46,Logan,45
West Virginia,46,McDowell,47
West Virginia,46,Marion,49
West Virginia,46,Marshall,51
West Virginia,46,Mason,53
West Virginia,46,Mercer,55
West Virginia,46,Mineral,57
West Virginia,46,Mingo,59
West Virginia,46,Monongalia,61
West Virginia,46,Monroe,63
West Virginia,46,Morgan,65
West Virginia,46,Nicholas,67
West Virginia,46,Ohio,69
West Virginia,46,Pendleton,71
West Virginia,46,Pleasants,73
West Virginia,46,Pocahontas,75
West Virginia,46,Preston,77
West Virginia,46,Putnam,79
West Virginia,46,Raleigh,81
West Virginia,46,Randolph,83
West Virginia,46,Ritchie,85
West Virginia,46,Roane,87
West Virginia,46,Summers,89
West Virginia,46,Taylor,91
West Virginia,46,Tucker,93
West Virginia,46,Tyler,95
West Virginia,46,Upshur,97
West Virginia,46,Wayne,99
West Virginia,46,Webster,101
West Virginia,46,Wetzel,103
West Virginia,46,Wirt,105
West Virginia,46,Wood,107
West Virginia,46,Wyoming,109
Wisconsin,47,Adams,1
Wisconsin,47,Ashland,3
Wisconsin,47,Barron,5
Wisconsin,47,Bayfield,7
Wisconsin,47,Brown,9
Wisconsin,47,Buffalo,11
Wisconsin,47,Burnett,13
Wisconsin,47,Calumet,15
Wisconsin,47,Chippewa,17
Wisconsin,47,Clark,19
Wisconsin,47,Columbia,21
Wisconsin,47,Crawford,23
Wisconsin,47,Dane,25
Wisconsin,47,Dodge,27
Wisconsin,47,Door,29
Wisconsin,47,Douglas,31
Wisconsin,47,Dunn,33
Wisconsin,47,Eau Claire,35
Wisconsin,47,Florence,37
Wisconsin,47,Fond Du Lac,39
Wisconsin,47,Forest,41
Wisconsin,47,Grant,43
Wisconsin,47,Green,45
Wisconsin,47,Green Lake,47
Wisconsin,47,Iowa,49
Wisconsin,47,Iron,51
Wisconsin,47,Jackson,53
Wisconsin,47,Jefferson,55
Wisconsin,47,Juneau,57
Wisconsin,47,Kenosha,59
Wisconsin,47,Kewaunee,61
Wisconsin,47,La Crosse,63
Wisconsin,47,Lafayette,65
Wisconsin,47,Langlade,67
Wisconsin,47,Lincoln,69
Wisconsin,47,Manitowoc,71
Wisconsin,47,Marathon,73
Wisconsin,47,Marinette,75
Wisconsin,47,Marquette,77
Wisconsin,47,Menominee,78
Wisconsin,47,Milwaukee,79
Wisconsin,47,Monroe,81
Wisconsin,47,Oconto,83
Wisconsin,47,Oneida,85
Wisconsin,47,Outagamie,87
Wisconsin,47,Ozaukee,89
Wisconsin,47,Pepin,91
Wisconsin,47,Pierce,93
Wisconsin,47,Polk,95
Wisconsin,47,Portage,97
Wisconsin,47,Price,99
Wisconsin,47,Racine,101
Wisconsin,47,Richland,103
Wisconsin,47,Rock,105
Wisconsin,47,Rusk,107
Wisconsin,47,St Croix,109
Wisconsin,47,Sauk,111
Wisconsin,47,Sawyer,113
Wisconsin,47,Shawano,115
Wisconsin,47,Sheboygan,117
Wisconsin,47,Taylor,119
Wisconsin,47,Trempealeau,121
Wisconsin,47,Vernon,123
Wisconsin,47,Vilas,125
Wisconsin,47,Walworth,127
Wisconsin,47,Washburn,129
Wisconsin,47,Washington,131
Wisconsin,47,Waukesha,133
Wisconsin,47,Waupaca,135
Wisconsin,47,Waushara,137
Wisconsin,47,Winnebago,139
Wisconsin,47,Wood,141
Wyoming,48,Albany,1
Wyoming,48,Big Horn,3
Wyoming,48,Campbell,5
Wyoming,48,Carbon,7
Wyoming,48,Converse,9
Wyoming,48,Crook,11
Wyoming,48,Fremont,13
Wyoming,48,Goshen,15
Wyoming,48,Hot Springs,17
Wyoming,48,Johnson,19
Wyoming,48,Laramie,21
Wyoming,48,Lincoln,23
Wyoming,48,Natrona,25
Wyoming,48,Niobrara,27
Wyoming,48,Park,29
Wyoming,48,Platte,31
Wyoming,48,Sheridan,33
Wyoming,48,Sublette,35
Wyoming,48,Sweetwater,37
Wyoming,48,Teton,39
Wyoming,48,Uinta,41
Wyoming,48,Washakie,43
Wyoming,48,Weston,45
